{"learner":{"attributes":{},"feature_names":["RSQ","shooter_A","GK_A","team_elevation_dif","team_travel","team_rest_days","temperature_c","team_is_home","is_raining","match_time_aft","match_time_evening","match_time_night","match_time_nan"],"feature_types":["float","float","float","float","float","float","float","float","float","float","float","float","float"],"gradient_booster":{"model":{"gbtree_model_param":{"num_parallel_tree":"1","num_trees":"2"},"iteration_indptr":[0,1,2],"tree_info":[0,0],"trees":[{"base_weights":[4.7740135E0,3.4237936E0,6.7582207E0,6.6104966E-1,4.2966895E0,4.432258E0,7.102012E0,-6.0278183E-1,1.4672327E0,3.677614E0,5.46954E0,5.512145E0,3.5424798E0,6.790528E0,4.781994E-1,1.1223859E0,-7.928129E-1,4.1264973E0,9.229568E-1,2.057131E0,4.288797E0,4.136728E0,6.518783E0,6.023171E0,3.0034075E0,2.7781897E0,5.861241E0,6.3998184E0,8.0658655E0,2.1935928E0,-4.705764E-2,-9.0074044E-1,6.437778E-1,2.702467E0,6.509107E0,6.769529E-1,2.0759232E0,5.1101985E0,1.6271065E0,3.3653414E0,4.71374E0,5.555905E0,3.4231052E0,5.3218803E0,7.288518E0,5.0955005E0,7.420596E0,-4.2659417E-2,4.2809353E0,1.4868032E0,4.0632753E0,9.0260796E-2,6.3263006E0,5.419172E0,6.75772E0,8.105187E0,1.2314197E-1,2.0491548E-2,1.9793637E-1,-5.4580428E-2,-2.920087E-2,-4.517454E-2,8.729915E-2,-9.585315E-3,2.1398723E-1,3.449173E-1,1.2314197E-1,5.240071E-2,6.852639E-3,1.5559007E-1,-1.4044664E-2,1.0439074E-1,2.829986E-1,1.1828238E-1,3.736807E-2,1.7631392E-1,-4.4529024E-3,1.9249308E-1,2.6006874E-1,1.249789E-1,3.007853E-1,1.8065311E-1,4.6936036E-3,2.8090718E-1,1.8718978E-2,3.6781475E-1,1.01064704E-1,2.7531204E-1,5.4778118E-2,3.90197E-1,1.2314197E-1,1.4369838E-1,2.8611398E-1,2.796341E-1,4.521494E-2,7.291118E-2,2.562184E-1,3.469727E-1,9.0260796E-2,2.8179485E-1,1.7382745E-1,2.600266E-1,3.435641E-1,3.7576306E-1,4.3254897E-1],"categories":[],"categories_nodes":[],"categories_segments":[],"categories_sizes":[],"default_left":[0,0,0,0,0,0,0,0,0,0,0,0,0,0,0,0,0,0,0,0,0,0,0,0,0,0,0,0,0,0,0,0,0,0,0,0,0,0,0,0,0,0,0,0,0,0,0,0,0,0,0,0,0,0,0,0,0,0,0,0,0,0,0,0,0,0,0,0,0,0,0,0,0,0,0,0,0,0,0,0,0,0,0,0,0,0,0,0,0,0,0,0,0,0,0,0,0,0,0,0,0,0,0,0,0],"id":0,"left_children":[1,3,5,7,9,11,13,15,17,19,21,23,25,27,-1,29,31,33,35,37,39,41,43,45,47,49,51,53,55,57,-1,59,61,63,65,67,69,71,73,75,77,79,81,83,85,87,89,-1,91,93,95,-1,97,99,101,103,-1,-1,-1,-1,-1,-1,-1,-1,-1,-1,-1,-1,-1,-1,-1,-1,-1,-1,-1,-1,-1,-1,-1,-1,-1,-1,-1,-1,-1,-1,-1,-1,-1,-1,-1,-1,-1,-1,-1,-1,-1,-1,-1,-1,-1,-1,-1,-1,-1],"loss_changes":[8.358227E3,4.4914824E3,9.806875E2,4.5798456E2,1.00802344E3,1.3964575E2,7.7945703E2,5.8402428E1,3.9305975E2,9.1211816E2,6.5428516E2,7.554346E1,1.4963232E2,4.3714844E2,0E0,4.1456776E1,2.5172073E1,1.3949353E2,6.3518906E1,3.285475E2,2.487334E2,2.0106934E2,2.1073145E2,3.9556152E1,7.437398E1,1.13966064E2,3.0658386E1,2.2860938E2,2.9873047E1,3.62589E1,0E0,8.306046E0,2.1473692E1,1.4090916E2,9.170105E0,3.7946968E1,9.796153E1,4.004309E1,1.4531073E2,1.20392334E2,1.7345215E2,8.489111E1,9.275659E1,1.5870532E2,4.300879E1,5.814215E1,2.1869751E1,0E0,5.757202E0,8.497883E1,9.112146E1,0E0,4.18443E1,6.760303E1,6.1453125E1,7.1660156E0,0E0,0E0,0E0,0E0,0E0,0E0,0E0,0E0,0E0,0E0,0E0,0E0,0E0,0E0,0E0,0E0,0E0,0E0,0E0,0E0,0E0,0E0,0E0,0E0,0E0,0E0,0E0,0E0,0E0,0E0,0E0,0E0,0E0,0E0,0E0,0E0,0E0,0E0,0E0,0E0,0E0,0E0,0E0,0E0,0E0,0E0,0E0,0E0,0E0],"parents":[2147483647,0,0,1,1,2,2,3,3,4,4,5,5,6,6,7,7,8,8,9,9,10,10,11,11,12,12,13,13,15,15,16,16,17,17,18,18,19,19,20,20,21,21,22,22,23,23,24,24,25,25,26,26,27,27,28,28,29,29,31,31,32,32,33,33,34,34,35,35,36,36,37,37,38,38,39,39,40,40,41,41,42,42,43,43,44,44,45,45,46,46,48,48,49,49,50,50,52,52,53,53,54,54,55,55],"right_children":[2,4,6,8,10,12,14,16,18,20,22,24,26,28,-1,30,32,34,36,38,40,42,44,46,48,50,52,54,56,58,-1,60,62,64,66,68,70,72,74,76,78,80,82,84,86,88,90,-1,92,94,96,-1,98,100,102,104,-1,-1,-1,-1,-1,-1,-1,-1,-1,-1,-1,-1,-1,-1,-1,-1,-1,-1,-1,-1,-1,-1,-1,-1,-1,-1,-1,-1,-1,-1,-1,-1,-1,-1,-1,-1,-1,-1,-1,-1,-1,-1,-1,-1,-1,-1,-1,-1,-1],"split_conditions":[1.05886E-1,6.42857E-1,7.37931E-1,5.34743E-2,1.51887E0,0E0,3.12421E-1,-2.32394E-1,-2.13064E-1,5.83847E-2,5.62678E-2,1E0,3.53E2,1.42344E0,4.781994E-1,2E0,5.84615E-1,2.62E2,5.73333E-1,-2.44813E-1,9.91228E-1,-3.57218E-2,1.71591E0,1.99018E-1,3.29545E-1,1.57957E-1,1.13745E-1,1.25194E-1,3.7565E-1,3.53659E-1,-4.705764E-2,1.42244E-1,1E0,7.4445E-2,6.02941E-1,1.10752E-1,-7E0,9.23077E-1,7.93201E-2,1.02907E-1,7.59412E-2,3.41869E-2,3.15068E-1,5.5E2,2.614E3,6.42857E-1,-3.48071E-2,-4.2659417E-2,6.59631E-1,1.06452E-1,4.35897E-1,9.0260796E-2,1.87778E-1,1.90939E-1,8.06452E-1,1.48349E-1,1.2314197E-1,2.0491548E-2,1.9793637E-1,-5.4580428E-2,-2.920087E-2,-4.517454E-2,8.729915E-2,-9.585315E-3,2.1398723E-1,3.449173E-1,1.2314197E-1,5.240071E-2,6.852639E-3,1.5559007E-1,-1.4044664E-2,1.0439074E-1,2.829986E-1,1.1828238E-1,3.736807E-2,1.7631392E-1,-4.4529024E-3,1.9249308E-1,2.6006874E-1,1.249789E-1,3.007853E-1,1.8065311E-1,4.6936036E-3,2.8090718E-1,1.8718978E-2,3.6781475E-1,1.01064704E-1,2.7531204E-1,5.4778118E-2,3.90197E-1,1.2314197E-1,1.4369838E-1,2.8611398E-1,2.796341E-1,4.521494E-2,7.291118E-2,2.562184E-1,3.469727E-1,9.0260796E-2,2.8179485E-1,1.7382745E-1,2.600266E-1,3.435641E-1,3.7576306E-1,4.3254897E-1],"split_indices":[0,1,1,0,1,2,0,2,2,0,0,8,3,1,0,4,1,3,1,2,1,2,1,0,1,0,0,0,2,1,0,2,7,0,1,2,3,1,2,0,0,0,2,3,4,1,2,0,1,0,1,0,0,2,1,0,0,0,0,0,0,0,0,0,0,0,0,0,0,0,0,0,0,0,0,0,0,0,0,0,0,0,0,0,0,0,0,0,0,0,0,0,0,0,0,0,0,0,0,0,0,0,0,0,0],"split_type":[0,0,0,0,0,0,0,0,0,0,0,0,0,0,0,0,0,0,0,0,0,0,0,0,0,0,0,0,0,0,0,0,0,0,0,0,0,0,0,0,0,0,0,0,0,0,0,0,0,0,0,0,0,0,0,0,0,0,0,0,0,0,0,0,0,0,0,0,0,0,0,0,0,0,0,0,0,0,0,0,0,0,0,0,0,0,0,0,0,0,0,0,0,0,0,0,0,0,0,0,0,0,0,0,0],"sum_hessian":[3.1274048E3,1.8626368E3,1.264768E3,4.476302E2,1.4150066E3,1.6465645E2,1.1001115E3,1.7443126E2,2.7319894E2,9.2885626E2,4.8615033E2,7.203526E1,9.262119E1,9.798953E2,1.2021615E2,1.682071E1,1.5761055E2,4.529781E1,2.2790112E2,2.5558014E2,6.732761E2,2.1631557E2,2.6983478E2,5.8681126E1,1.33541355E1,7.131356E1,2.130763E1,7.5470404E2,2.251913E2,1.1031239E1,5.78947E0,1.4694402E2,1.0666545E1,2.9688145E1,1.5609665E1,1.8913358E2,3.8767544E1,3.0210388E1,2.2536975E2,2.1499153E2,4.5828458E2,7.010756E1,1.4620801E2,1.0870987E2,1.6112491E2,3.806097E1,2.0620152E1,3.4055707E0,9.948565E0,3.6645428E1,3.4668133E1,2.6939552E0,1.8613676E1,2.0610893E2,5.485951E2,2.2317845E2,2.012841E0,6.099526E0,4.9317126E0,9.016248E1,5.6781525E1,4.512381E0,6.154164E0,1.0782186E1,1.890596E1,1.3596824E1,2.012841E0,1.1153616E2,7.759742E1,2.6708271E1,1.2059275E1,5.3879104E0,2.4822477E1,1.21599045E2,1.0377071E2,2.0540129E2,9.590236E0,1.6856145E2,2.8972314E2,1.0009567E1,6.0097992E1,1.3823543E2,7.97259E0,1.0244006E2,6.2698045E0,1.5868637E2,2.4385374E0,3.4175068E1,3.885905E0,1.8607311E1,2.012841E0,6.549359E0,3.399206E0,3.4843452E0,3.3161083E1,1.0721183E1,2.3946949E1,1.5919721E1,2.6939552E0,1.8371227E2,2.239667E1,4.046901E1,5.081261E2,1.1435055E2,1.088279E2],"tree_param":{"num_deleted":"0","num_feature":"13","num_nodes":"105",