{"learner":{"attributes":{},"feature_names":["RSQ","shooter_A","GK_A","team_elevation_dif","team_travel","team_rest_days","temperature_c","team_is_home","is_raining","match_time_aft","match_time_evening","match_time_night","match_time_nan"],"feature_types":["float","float","float","float","float","float","float","float","float","float","float","float","float"],"gradient_booster":{"model":{"gbtree_model_param":{"num_parallel_tree":"1","num_trees":"2"},"iteration_indptr":[0,1,2],"tree_info":[0,0],"trees":[{"base_weights":[4.658265E0,6.3313776E-1,5.308105E0,-5.464692E-1,2.0243735E0,4.0595317E0,6.6015606E0,-5.496172E-2,3.4426156E-1,4.81145E0,1.2502394E0,3.3932562E0,4.8564625E0,6.21646E0,8.693989E0,-2.3471548E-1,2.4136338E0,2.364926E0,6.7363834E0,7.756775E-1,3.5552273E0,2.3487105E0,4.0725646E0,3.0705588E0,5.3951645E0,5.7786627E0,7.5210037E0,8.0784855E0,4.6593165E-1,-7.419159E-1,5.915106E-1,1.0870682E0,5.1460443E0,2.874477E0,-4.208296E-2,3.511828E-1,1.1033992E-1,-4.0540133E-2,1.4181161E0,1.8104115E0,5.0408697E0,3.2536054E0,1.7680377E0,4.195438E0,2.487858E0,6.089809E0,2.5006702E0,4.879664E0,6.5020137E0,4.003524E0,6.0277944E0,7.000192E0,4.146905E-1,8.157694E0,1.844132E-1,-4.508656E-2,6.985052E-2,1.0280376E-1,-2.857831E-2,1.279987E-1,-4.8495468E-2,1.1033992E-1,2.9551545E-1,6.712134E-2,2.1709037E-1,1.870533E-2,-5.2671004E-2,4.9467083E-2,1.8339162E-1,2.1232608E-1,2.7546946E-2,2.789763E-1,8.4042154E-2,3.1719394E-2,1.7908832E-1,6.956761E-2,1.663101E-1,2.2255933E-1,1.7169243E-1,2.7420232E-1,6.5552555E-2,3.219036E-1,9.421527E-2,6.4692646E-2,1.879068E-1,2.8318828E-1,2.0991278E-1,3.28374E-1,8.4042154E-2,1.5960722E-1,2.477814E-1,2.7138808E-1,3.364242E-1,3.876743E-1,3.1042945E-1,2.6659867E-1,4.1497084E-1],"categories":[],"categories_nodes":[],"categories_segments":[],"categories_sizes":[],"default_left":[0,0,0,0,0,0,0,0,0,0,0,0,0,0,0,0,0,0,0,0,0,0,0,0,0,0,0,0,0,0,0,0,0,0,0,0,0,0,0,0,0,0,0,0,0,0,0,0,0,0,0,0,0,0,0,0,0,0,0,0,0,0,0,0,0,0,0,0,0,0,0,0,0,0,0,0,0,0,0,0,0,0,0,0,0,0,0,0,0,0,0,0,0,0,0,0,0],"id":0,"left_children":[1,3,5,7,9,11,13,-1,15,17,19,21,23,25,27,29,31,33,35,37,39,41,43,45,47,49,51,53,-1,55,57,59,61,63,-1,-1,-1,65,67,69,71,73,75,77,79,81,83,85,87,89,91,93,-1,95,-1,-1,-1,-1,-1,-1,-1,-1,-1,-1,-1,-1,-1,-1,-1,-1,-1,-1,-1,-1,-1,-1,-1,-1,-1,-1,-1,-1,-1,-1,-1,-1,-1,-1,-1,-1,-1,-1,-1,-1,-1,-1,-1],"loss_changes":[1.0051891E4,8.799148E2,5.318297E3,1.434479E2,5.2457404E2,8.7910156E2,1.2545859E3,0E0,1.3479573E2,2.3417004E2,2.0924646E2,6.4462695E2,7.200996E2,7.4190234E2,2.0808594E1,3.75058E1,8.350563E1,4.314659E1,2.2470825E1,8.500628E1,7.592645E1,1.8638953E2,9.807617E1,2.9408337E2,3.0317188E2,4.3310938E2,7.967578E1,1.6302734E1,0E0,2.0146318E1,5.9433666E1,5.645846E1,4.4020386E0,4.303177E1,0E0,0E0,0E0,3.0768805E1,8.3841934E1,4.8745785E1,2.1682129E1,1.19559204E2,1.2739221E2,8.5166016E1,1.4286624E2,2.8653687E1,2.2719751E2,1.9231836E2,4.6875977E1,8.478076E1,3.4383984E2,7.75918E1,0E0,7.8916016E0,0E0,0E0,0E0,0E0,0E0,0E0,0E0,0E0,0E0,0E0,0E0,0E0,0E0,0E0,0E0,0E0,0E0,0E0,0E0,0E0,0E0,0E0,0E0,0E0,0E0,0E0,0E0,0E0,0E0,0E0,0E0,0E0,0E0,0E0,0E0,0E0,0E0,0E0,0E0,0E0,0E0,0E0,0E0],"parents":[2147483647,0,0,1,1,2,2,3,3,4,4,5,5,6,6,8,8,9,9,10,10,11,11,12,12,13,13,14,14,15,15,16,16,17,17,18,18,19,19,20,20,21,21,22,22,23,23,24,24,25,25,26,26,27,27,29,29,30,30,31,31,32,32,33,33,37,37,38,38,39,39,40,40,41,41,42,42,43,43,44,44,45,45,46,46,47,47,48,48,49,49,50,50,51,51,53,53],"right_children":[2,4,6,8,10,12,14,-1,16,18,20,22,24,26,28,30,32,34,36,38,40,42,44,46,48,50,52,54,-1,56,58,60,62,64,-1,-1,-1,66,68,70,72,74,76,78,80,82,84,86,88,90,92,94,-1,96,-1,-1,-1,-1,-1,-1,-1,-1,-1,-1,-1,-1,-1,-1,-1,-1,-1,-1,-1,-1,-1,-1,-1,-1,-1,-1,-1,-1,-1,-1,-1,-1,-1,-1,-1,-1,-1,-1,-1,-1,-1,-1,-1],"split_conditions":[6.38298E-1,3.22917E-1,9.66179E-2,6.55738E-2,-1.2E-1,1.36039E0,2.42485E-1,-5.496172E-2,9.59492E-2,8.77123E-2,1.24383E-1,6.40044E-2,4.23327E-2,1.35714E0,3.37834E-1,1.48E2,2.98E2,7.29508E-2,9.81E2,6.50282E-2,1.48E2,1.80467E-2,2.23252E-1,-1.80107E-1,1.9589E0,8.33333E-1,1.399E-1,2.71845E-1,4.6593165E-1,2.77389E-1,3.31492E-2,1.18758E-1,2.33333E-1,5.92693E-2,-4.208296E-2,3.511828E-1,1.1033992E-1,5.34783E-2,1.35E3,-1.46E2,1.38606E-1,3.77593E-2,1.26E0,7.02E2,-1.92E2,3.99485E-2,2.2E0,3.01724E-2,7.19E2,-8E0,1.38551E-1,2.79823E-2,4.146905E-1,-2.63E2,1.844132E-1,-4.508656E-2,6.985052E-2,1.0280376E-1,-2.857831E-2,1.279987E-1,-4.8495468E-2,1.1033992E-1,2.9551545E-1,6.712134E-2,2.1709037E-1,1.870533E-2,-5.2671004E-2,4.9467083E-2,1.8339162E-1,2.1232608E-1,2.7546946E-2,2.789763E-1,8.4042154E-2,3.1719394E-2,1.7908832E-1,6.956761E-2,1.663101E-1,2.2255933E-1,1.7169243E-1,2.7420232E-1,6.5552555E-2,3.219036E-1,9.421527E-2,6.4692646E-2,1.879068E-1,2.8318828E-1,2.0991278E-1,3.28374E-1,8.4042154E-2,1.5960722E-1,2.477814E-1,2.7138808E-1,3.364242E-1,3.876743E-1,3.1042945E-1,2.6659867E-1,4.1497084E-1],"split_indices":[1,1,0,1,2,1,0,0,0,0,0,0,0,1,0,3,3,0,4,0,4,2,2,2,1,1,0,2,0,2,2,0,1,0,0,0,0,0,4,3,2,0,1,4,3,0,1,2,3,3,0,2,0,3,0,0,0,0,0,0,0,0,0,0,0,0,0,0,0,0,0,0,0,0,0,0,0,0,0,0,0,0,0,0,0,0,0,0,0,0,0,0,0,0,0,0,0],"split_type":[0,0,0,0,0,0,0,0,0,0,0,0,0,0,0,0,0,0,0,0,0,0,0,0,0,0,0,0,0,0,0,0,0,0,0,0,0,0,0,0,0,0,0,0,0,0,0,0,0,0,0,0,0,0,0,0,0,0,0,0,0,0,0,0,0,0,0,0,0,0,0,0,0,0,0,0,0,0,0,0,0,0,0,0,0,0,0,0,0,0,0,0,0,0,0,0,0],"sum_hessian":[3.843205E3,5.34496E2,3.308709E3,2.8957608E2,2.4491985E2,1.6856696E3,1.6230394E3,1.7854282E2,1.1103327E2,5.2106853E1,1.92813E2,9.209584E2,7.647112E2,1.3741124E3,2.4892703E2,8.745215E1,2.3581125E1,2.3926136E1,2.8180717E1,1.6100172E2,3.1811283E1,3.6467294E2,5.5628546E2,1.7876611E2,5.8594507E2,1.0329048E3,3.4120767E2,1.3239876E2,1.1652828E2,5.4250877E1,3.320127E1,1.6815271E1,6.765853E0,2.073479E1,3.1913452E0,2.5982271E1,2.1984458E0,7.1322914E1,8.96788E1,1.5649868E1,1.6161415E1,1.4074266E2,2.2393028E2,5.147276E2,4.1557823E1,2.6846786E1,1.5191933E2,4.034515E2,1.8249359E2,1.2922298E2,9.0368176E2,2.0984595E2,1.3136172E2,1.292094E2,3.1893556E0,5.10174E1,3.2334766E0,1.4356079E1,1.8845192E1,9.656309E0,7.158963E0,2.1984458E0,4.567407E0,1.1080471E1,9.65432E0,5.1053562E1,2.0269354E1,7.653224E1,1.3146554E1,4.5252757E0,1.1124592E1,1.3359201E1,2.8022137E0,1.5996867E1,1.247458E2,1.8185892E2,4.2071358E1,3.8170355E2,1.3302405E2,1.0687361E1,3.0870462E1,2.430333E1,2.543456E0,7.85562E1,7.336314E1,1.8419043E2,2.1926106E2,1.7969138E2,2.8022137E0,7.211745E1,5.7105522E1,4.9151807E2,4.121637E2,1.03018456E2,1.068275E2,8.01552E0,1.2119388E2],"tree_param":{"num_deleted":"0","num_feature":"13","num_nodes":"97","size_leaf_vector":"1"}},{"base_weights":[3.680148E0,6.1375755E-1,4.0889463E0,-8.4511936E-1,1.6431496E0,3.464151E0,5.1603446E0,-5.465707E-2,-1.5637298E-1,6.6246223E-1,3.1139414E0,2.5350542E0,3.7869363E0,4.913953E0,2.9729912E-1,-6.398919E-1,9.629851E-1,2.7597435E0,3.8664228E-1,4.8080783E0,2.3142815E0,3.3466794E0,1.9145951E0,3.5423477E0,5.2797117E0,4.696431E0,5.831879E0,3.8416493E-1,-5.333438E-2,-2.6129168E-1,2.9138808E0,-4.5385547E-2,3.7085004E0,-1.605691E-2,1.009531E0,8.456028E-1,5.2669363E0,7.834231E-1,2.7351234E0,4.8025317E0,2.96923E0,9.7784597E-1,2.606965E0,2.9194136E0,3.8616464E0,5.343139E0,-4.132892E-2,2.2144487E0,4.75398E0,2.933763E-1,9.667054E-2,-4.8419796E-2,1.0756399E-1,1.1735691E-1,-5.018368E-2,2.2324696E-1,-3.7264187E-2,3.445449E-2,2.3926511E-1,-1.4313807E-2,1.0069453E-1,9.2005774E-2,1.1722835E-2,-3.9950207E-2,1.1964089E-1,1.3282737E-1,2.769493E-1,-5.1256265E-2,1.6059312E-1,3.8396113E-2,1.6256048E-1,7.827679E-2,2.4739933E-1,9.294269E-2,1.6865514E-1,1.0654923E-3,8.951443E-2,1.8149993E-1,7.7996194E-2,1.7359637E-1,1.1806768E-1,1.5275685E-1,2.03764E-1,2.9521263E-1,2.5086296E-1,2.6464114E-2,1.8762428E-1,2.5614694E-1,2.2089492E-1],"categories":[],"categories_nodes":[],"categories_segments":[],"categories_sizes":[],"default_left":[0,0,0,0,0,0,0,0,0,0,0,0,0,0,0,0,0,0,0,0,0,0,0,0,0,0,0,0,0,0,0,0,0,0,0,0,0,0,0,0,0,0,0,0,0,0,0,0,0,0,0,0,0,0,0,0,0,0,0,0,0,0,0,0,0,0,0,0,0,0,0,0,0,0,0,0,0,0,0,0,0,0,0,0,0,0,0,0,0],"id":1,