{"learner":{"attributes":{},"feature_names":["RSQ","shooter_A","GK_A","team_elevation_dif","team_travel","team_rest_days","temperature_c","team_is_home","is_raining","match_time_aft","match_time_evening","match_time_night","match_time_nan"],"feature_types":["float","float","float","float","float","float","float","float","float","float","float","float","float"],"gradient_booster":{"model":{"gbtree_model_param":{"num_parallel_tree":"1","num_trees":"3"},"iteration_indptr":[0,1,2,3],"tree_info":[0,0,0],"trees":[{"base_weights":[5.0572877E0,3.7438087E0,7.12399E0,1.8682803E0,4.979271E0,5.117726E0,7.7903366E0,5.7393664E-1,2.8038375E0,4.0289283E0,5.6462145E0,4.419352E0,6.7832584E0,7.31164E0,2.7071136E-1,-1.2243254E-1,1.7421788E0,3.3940518E0,2.0041265E0,3.5196054E0,6.698691E0,5.1534057E0,7.0569353E0,3.401711E0,5.2161193E0,2.7386603E0,2.2021936E-1,6.7806644E0,2.5175002E-1,-1.8854374E-2,2.8244857E-2,7.7765636E-2,1.5986728E-2,1.0830438E-1,1.975641E-2,1.6294548E-1,5.472692E-2,7.269477E-2,1.2196585E-1,9.2834E-2,2.1619827E-1,2.0608187E-1,1.4467557E-1,2.2062172E-1,1.5492107E-1,1.12689674E-1,1.7066937E-2,1.6245276E-1,5.9442952E-2,1.4865026E-1,-0E0,2.240019E-1,1.8470329E-1],"categories":[],"categories_nodes":[],"categories_segments":[],"categories_sizes":[],"default_left":[0,0,0,0,0,0,0,0,0,0,0,0,0,0,0,0,0,0,0,0,0,0,0,0,0,0,0,0,0,0,0,0,0,0,0,0,0,0,0,0,0,0,0,0,0,0,0,0,0,0,0,0,0],"id":0,"left_children":[1,3,5,7,9,11,13,15,17,19,21,23,25,27,-1,29,31,33,35,37,39,41,43,45,47,49,-1,51,-1,-1,-1,-1,-1,-1,-1,-1,-1,-1,-1,-1,-1,-1,-1,-1,-1,-1,-1,-1,-1,-1,-1,-1,-1],"loss_changes":[1.2424625E4,6.502961E3,2.293961E3,1.3525635E3,1.0204492E3,4.5378223E2,6.4046094E2,3.8755313E2,2.8805127E2,9.045713E2,6.0443555E2,2.187124E2,2.4091064E2,4.293086E2,0E0,1.614356E2,1.7671167E2,2.1010205E2,1.4670569E2,3.3212744E2,1.479502E2,3.4382617E2,5.257129E1,1.4071704E2,8.53833E1,1.11918106E2,0E0,1.7851758E2,0E0,0E0,0E0,0E0,0E0,0E0,0E0,0E0,0E0,0E0,0E0,0E0,0E0,0E0,0E0,0E0,0E0,0E0,0E0,0E0,0E0,0E0,0E0,0E0,0E0],"parents":[2147483647,0,0,1,1,2,2,3,3,4,4,5,5,6,6,7,7,8,8,9,9,10,10,11,11,12,12,13,13,15,15,16,16,17,17,18,18,19,19,20,20,21,21,22,22,23,23,24,24,25,25,27,27],"right_children":[2,4,6,8,10,12,14,16,18,20,22,24,26,28,-1,30,32,34,36,38,40,42,44,46,48,50,-1,52,-1,-1,-1,-1,-1,-1,-1,-1,-1,-1,-1,-1,-1,-1,-1,-1,-1,-1,-1,-1,-1,-1,-1,-1,-1],"split_conditions":[1.08557E-1,8.57843E-1,8.46457E-1,5.92926E-2,6.28565E-2,1.90733E-1,2.04782E-1,4.55446E-1,7.91897E-2,2.66667E0,1.54E0,5.88235E-1,2.85714E-1,1.32281E0,2.7071136E-1,5.04016E-2,8.75912E-2,1.287E3,-7.13E2,1.20231E0,3.37652E-2,-1.25176E-1,7.58E2,1.90283E-1,2.88256E-1,2.31324E-1,2.2021936E-1,1.31579E-2,2.5175002E-1,-1.8854374E-2,2.8244857E-2,7.7765636E-2,1.5986728E-2,1.0830438E-1,1.975641E-2,1.6294548E-1,5.472692E-2,7.269477E-2,1.2196585E-1,9.2834E-2,2.1619827E-1,2.0608187E-1,1.4467557E-1,2.2062172E-1,1.5492107E-1,1.12689674E-1,1.7066937E-2,1.6245276E-1,5.9442952E-2,1.4865026E-1,-0E0,2.240019E-1,1.8470329E-1],"split_indices":[0,1,1,0,0,0,0,1,2,1,1,1,1,1,0,0,2,4,3,1,0,2,4,2,2,0,0,2,0,0,0,0,0,0,0,0,0,0,0,0,0,0,0,0,0,0,0,0,0,0,0,0,0],"split_type":[0,0,0,0,0,0,0,0,0,0,0,0,0,0,0,0,0,0,0,0,0,0,0,0,0,0,0,0,0,0,0,0,0,0,0,0,0,0,0,0,0,0,0,0,0,0,0,0,0,0,0,0,0],"sum_hessian":[4.5986665E3,2.8154395E3,1.7832273E3,1.1204073E3,1.6950321E3,4.4930426E2,1.3339231E3,4.7187042E2,6.4853687E2,7.0543005E2,9.89602E2,3.2213657E2,1.2716772E2,9.7152356E2,3.6239954E2,2.9622824E2,1.7564218E2,3.686914E2,2.798455E2,5.9662115E2,1.0880892E2,7.408239E2,2.4877806E2,1.4664E2,1.7549655E2,1.7052141E1,1.1011558E2,6.616954E2,3.098282E2,2.0193727E2,9.4290955E1,1.01314255E2,7.432793E1,3.407671E2,2.7924316E1,1.0767045E1,2.6907846E2,2.025412E2,3.9407996E2,1.543498E1,9.337394E1,1.1288012E2,6.279438E2,2.0958217E2,3.9195896E1,1.294326E2,1.7207394E1,1.6376567E2,1.1730878E1,8.378501E0,8.67364E0,3.0393286E2,3.5776248E2],"tree_param":{"num_deleted":"0","num_feature":"13","num_nodes":"53","size_leaf_vector":"1"}},{"base_weights":[4.3720126E0,2.757108E0,5.4012985E0,1.6515758E0,4.1712046E0,3.6976147E0,5.890602E0,1.289827E-2,2.1669745E0,8.913485E-1,4.340625E0,2.6771476E0,4.5549364E0,5.400172E0,6.8331923E0,-9.848508E-1,7.841902E-1,1.5296476E0,2.8220522E0,-3.3566433E-1,2.9265509E0,3.7585845E0,5.2625256E0,3.2029421E0,9.407256E-1,3.4673388E0,5.149869E0,4.9294004E0,6.1283665E0,6.85808E0,7.963084E-2,-3.193665E-2,-1.331106E-2,-1.0709794E-2,3.6996793E-2,1.3744313E-2,5.9835702E-2,6.5358065E-2,1.0485916E-1,-2.9119998E-2,3.525712E-2,1.5224007E-1,1.3846939E-3,9.428661E-2,1.3512091E-1,1.6489477E-1,8.2859285E-2,7.985473E-2,1.2623546E-1,1.44063E-1,1.3150528E-2,1.4894636E-1,8.105413E-2,1.22909546E-1,1.7824939E-1,1.7948315E-1,1.395613E-1,1.7700598E-1,2.1863775E-1,1.9716176E-1,2.2227558E-1],"categories":[],"categories_nodes":[],"categories_segments":[],"categories_sizes":[],"default_left":[0,0,0,0,0,0,0,0,0,0,0,0,0,0,0,0,0,0,0,0,0,0,0,0,0,0,0,0,0,0,0,0,0,0,0,0,0,0,0,0,0,0,0,0,0,0,0,0,0,0,0,0,0,0,0,0,0,0,0,0,0],"id":1,"left_children":[1,3,5,7,9,11,13,15,17,19,21,23,25,27,29,31,33,35,37,39,41,43,45,47,49,51,53,55,57,59,-1,-1,-1,-1,-1,-1,-1,-1,-1,-1,-1,-1,-1,-1,-1,-1,-1,-1,-1,-1,-1,-1,-1,-1,-1,-1,-1,-1,-1,-1,-1],"loss_changes":[8.68132E3,3.1795771E3,2.6154453E3,9.708865E2,4.8501465E2,5.983662E2,1.0618594E3,2.1540434E2,3.527627E2,1.2148801E2,4.0824512E2,2.9490845E2,2.0668848E2,4.9195703E2,4.160547E1,2.7917862E0,8.300963E1,2.1946362E2,1.6488281E2,3.1531794E1,1.0655521E2,2.0708252E2,1.5082812E2,1.0950635E2,1.4755789E2,1.3046375E2,1.4639746E2,2.2857031E2,6.915039E1,2.0265625E1,0E0,0E0,0E0,0E0,0E0,0E0,0E0,0E0,0E0,0E0,0E0,0E0,0E0,0E0,0E0,0E0,0E0,0E0,0E0,0E0,0E0,0E0,0E0,0E0,0E0,0E0,0E0,0E0,0E0,0E0,0E0],"parents":[2147483647,0,0,1,1,2,2,3,3,4,4,5,5,6,6,7,7,8,8,9,9,10,10,11,11,12,12,13,13,14,14,15,15,16,16,17,17,18,18,19,19,20,20,21,21,22,22,23,23,24,24,25,25,26,26,27,27,28,28,29,29],"right_children":[2,4,6,8,10,12,14,16,18,20,22,24,26,28,30,32,34,36,38,40,42,44,46,48,50,52,54,56,58,60,-1,-1,-1,-1,-1,-1,-1,-1,-1,-1,-1,-1,-1,-1,-1,-1,-1,-1,-1,-1,-1,-1,-1,-1,-1,-1,-1,-1,-1,-1,-1],"split_conditions":[7.77527E-2,1.14506E0,7.96703E-1,4.33365E-2,3.37652E-2,1.14905E-1,1.58477E-1,3.33333E-1,6.32915E-2,2.83333E0,1.78947E0,1.50943E-1,5.03356E-1,1.26471E0,4.28571E-1,2.3301E-1,3.41842E-2,2.42424E-1,-4.8E1,1E0,-2.04082E-2,6.23363E-2,2.80791E-1,1.52E2,-6.62E2,-3.53753E-2,1.60583E-1,-9.33941E-2,2.11439E0,2.49134E-1,7.963084E-2,-3.193665E-2,-1.331106E-2,-1.0709794E-2,3.6996793E-2,1.3744313E-2,5.9835702E-2,6.5358065E-2,1.0485916E-1,-2.9119998E-2,3.525712E-2,1.5224007E-1,1.3846939E-3,9.428661E-2,1.3512091E-1,1.6489477E-1,8.2859285E-2,7.985473E-2,1.2623546E-1,1.44063E-1,1.3150528E-2,1.4894636E-1,8.105413E-2,1.22909546E-1,1.7824939E-1,1.7948315E-1,1.395613E-1,1.7700598E-1,2.1863775E-1,1.9716176E-1,2.2227558E-1],"split_indices":[0,1,1,0,0,0,0,1,0,1,1,2,1,1,2,1,0,1,3,8,2,0,2,3,3,2,0,2,1,0,0,0,0,0,0,0,0,0,0,0,0,0,0,0,0,0,0,0,0,0,0,0,0,0,0,0,0,0,0,0,0],"split_type":[0,0,0,0,0,0,0,0,0,0,0,0,0,0,0,0,0,0,0,0,0,0,0,0,0,0,0,0,0,0,0,0,0,0,0,0,0,0,0,0,0,0,0,0,0,0,0,0,0,0,0,0,0,0,0,0,0,0,0,0,0],"sum_hessian":[5.243616E3,2.0443885E3,3.1992275E3,1.1502068E3,8.9418176E2,7.180928E2,2.4811348E3,2.7616095E2,8.7404584E2,4.4825054E1,8.493567E2,3.3214886E2,3.8594388E2,1.641553E3,8.395818E2,1.195979E2,1.5656306E2,4.4717993E2,4.2686594E2,2.8700478E1,1.6124578E1,5.2753644E2,3.2182025E2,2.5321077E2,7.893811E1,1.4189053E2,2.4405334E2,1.0072719E3,6.3428107E2,8.330986E2,6.4832172E0,1.0094733E2,1.8650576E1,4.3696217E1,1.12866844E2,1.3715958E2,3.1002036E2,2.233552E2,2.0351076E2,2.117712E1,7.523356E0,8.164759E0,7.959819E0,2.9535953E2,2.3217693E2,2.9172818E2,3.0092056E1,1.6997571E2,8.3235054E1,6.8878965E0,7.205021E1,4.3844524E1,9.804601E1,1.10596725E2,1.3345662E2,2.006145E2,8.066574E2,5.4088904E2,9.339206E1,5.666668E2,2.6643173E2],"tree_param":{"num_deleted":"0","num_feature":"13","num_nodes":"61",