{"learner":{"attributes":{},"feature_names":["RSQ","shooter_A","GK_A","team_elevation_dif","team_travel","team_rest_days","temperature_c","team_is_home","is_raining","match_time_aft","match_time_evening","match_time_night","match_time_nan"],"feature_types":["float","float","float","float","float","float","float","float","float","float","float","float","float"],"gradient_booster":{"model":{"gbtree_model_param":{"num_parallel_tree":"1","num_trees":"3"},"iteration_indptr":[0,1,2,3],"tree_info":[0,0,0],"trees":[{"base_weights":[5.104309E0,2.4944847E0,6.216601E0,1.0020394E0,3.9857843E0,4.9375653E0,7.821265E0,-2.0328595E-1,1.8003241E0,3.315188E0,5.696923E0,3.896831E0,5.6913996E0,7.161595E0,8.71513E0,-8.1127554E-1,1.0225842E0,1.4013861E0,2.7904909E0,3.8735566E0,1.501075E0,3.528622E0,6.5255537E0,2.7933514E0,5.170773E0,4.7732363E0,6.6609335E0,6.5523853E0,8.130691E0,8.223978E0,2.8265575E-1,-3.2316048E-2,-4.3468513E-3,5.5864297E-2,1.0295781E-2,6.36149E-2,3.329402E-2,1.0446119E-1,5.9131995E-2,1.985615E-1,1.10041395E-1,2.5170105E-2,9.26492E-2,1.5886128E-1,7.320422E-2,1.7177948E-1,2.4141741E-1,1.587998E-2,9.105622E-2,6.876744E-2,1.6454011E-1,2.273303E-1,1.366846E-1,1.8772598E-1,2.3801312E-1,1.23517655E-1,2.0022054E-1,2.4577846E-1,1.2368131E-1,2.485947E-1,8.345962E-2],"categories":[],"categories_nodes":[],"categories_segments":[],"categories_sizes":[],"default_left":[0,0,0,0,0,0,0,0,0,0,0,0,0,0,0,0,0,0,0,0,0,0,0,0,0,0,0,0,0,0,0,0,0,0,0,0,0,0,0,0,0,0,0,0,0,0,0,0,0,0,0,0,0,0,0,0,0,0,0,0,0],"id":0,"left_children":[1,3,5,7,9,11,13,15,17,19,21,23,25,27,29,31,33,35,37,39,41,43,45,47,49,51,53,55,57,59,-1,-1,-1,-1,-1,-1,-1,-1,-1,-1,-1,-1,-1,-1,-1,-1,-1,-1,-1,-1,-1,-1,-1,-1,-1,-1,-1,-1,-1,-1,-1],"loss_changes":[1.6296891E4,3.7380947E3,8.0055E3,8.157302E2,9.193926E2,1.6725547E3,8.886719E2,2.5344662E2,1.8914917E2,6.01022E2,3.640869E2,1.2723623E3,1.0567109E3,4.7876562E2,8.125781E1,3.881154E1,6.0648163E1,6.91709E1,6.214612E1,2.0340479E2,1.4566333E2,9.978912E1,9.666992E1,2.6909448E2,3.551582E2,3.20958E2,2.011582E2,1.22322266E2,1.5279297E1,9.526367E1,0E0,0E0,0E0,0E0,0E0,0E0,0E0,0E0,0E0,0E0,0E0,0E0,0E0,0E0,0E0,0E0,0E0,0E0,0E0,0E0,0E0,0E0,0E0,0E0,0E0,0E0,0E0,0E0,0E0,0E0,0E0],"parents":[2147483647,0,0,1,1,2,2,3,3,4,4,5,5,6,6,7,7,8,8,9,9,10,10,11,11,12,12,13,13,14,14,15,15,16,16,17,17,18,18,19,19,20,20,21,21,22,22,23,23,24,24,25,25,26,26,27,27,28,28,29,29],"right_children":[2,4,6,8,10,12,14,16,18,20,22,24,26,28,30,32,34,36,38,40,42,44,46,48,50,52,54,56,58,60,-1,-1,-1,-1,-1,-1,-1,-1,-1,-1,-1,-1,-1,-1,-1,-1,-1,-1,-1,-1,-1,-1,-1,-1,-1,-1,-1,-1,-1,-1,-1],"split_conditions":[7.85714E-1,7.62801E-2,1.0839E-1,4.83875E-2,1.47131E-1,6.40389E-2,1.70469E-1,4.06061E-1,1.84E2,1.51344E-1,4.5749E-1,1.53628E0,1.25385E0,1.26316E0,2.41446E-1,2.4E-1,5.48701E-1,-2.31924E-2,4.7619E-2,-3.63636E-1,6.47059E-1,1.5889E-1,2.24276E-1,3.52575E-2,3.4298E-2,-3.15789E-1,2.00676E0,1.1E1,3.47471E-1,3.47471E-1,2.8265575E-1,-3.2316048E-2,-4.3468513E-3,5.5864297E-2,1.0295781E-2,6.36149E-2,3.329402E-2,1.0446119E-1,5.9131995E-2,1.985615E-1,1.10041395E-1,2.5170105E-2,9.26492E-2,1.5886128E-1,7.320422E-2,1.7177948E-1,2.4141741E-1,1.587998E-2,9.105622E-2,6.876744E-2,1.6454011E-1,2.273303E-1,1.366846E-1,1.8772598E-1,2.3801312E-1,1.23517655E-1,2.0022054E-1,2.4577846E-1,1.2368131E-1,2.485947E-1,8.345962E-2],"split_indices":[1,0,0,0,0,0,0,1,3,2,1,1,1,1,0,1,1,2,1,2,1,0,0,0,0,2,1,6,2,2,0,0,0,0,0,0,0,0,0,0,0,0,0,0,0,0,0,0,0,0,0,0,0,0,0,0,0,0,0,0,0],"split_type":[0,0,0,0,0,0,0,0,0,0,0,0,0,0,0,0,0,0,0,0,0,0,0,0,0,0,0,0,0,0,0,0,0,0,0,0,0,0,0,0,0,0,0,0,0,0,0,0,0,0,0,0,0,0,0,0,0,0,0,0,0],"sum_hessian":[5.625717E3,1.6833573E3,3.9423594E3,8.4336194E2,8.399954E2,2.1986501E3,1.7437092E3,3.3610977E2,5.0725214E2,6.0812854E2,2.3186685E2,9.2931445E2,1.2693357E3,1.0143003E3,7.294089E2,2.2567491E2,1.1043486E2,3.6573724E2,1.4151491E2,4.6284656E2,1.45282E2,6.7351074E1,1.6451578E2,5.018156E2,4.2749884E2,6.5855365E2,6.10782E2,6.329554E2,3.8134494E2,4.4608432E2,2.833246E2,1.5935071E2,6.6324196E1,4.7179287E1,6.3255573E1,1.0090658E2,2.6483066E2,7.255953E1,6.895538E1,2.7550764E1,4.3529578E2,1.0512085E2,4.016115E1,2.237874E1,4.4972332E1,1.1452288E2,4.999289E1,4.9447628E1,4.5236798E2,4.3980152E1,3.8351868E2,4.2111084E1,6.1644257E2,4.7337354E2,1.3740845E2,3.3818527E1,5.9913684E2,3.7324054E2,8.104399E0,4.3980307E2,6.281239E0],"tree_param":{"num_deleted":"0","num_feature":"13","num_nodes":"61","size_leaf_vector":"1"}},{"base_weights":[4.362425E0,2.014337E0,5.092094E0,5.4408614E-2,2.7643178E0,4.112187E0,6.178299E0,-4.6654218E-1,1.3205056E0,2.1973765E0,3.9692814E0,3.337086E0,4.7864957E0,5.8747525E0,2.1200322E-1,-8.0710477E-1,5.52626E-1,-4.0431812E-1,1.9452538E0,4.8695884E0,1.9843007E0,3.3388197E0,4.5779777E0,2.3312478E0,4.164272E0,4.0602612E0,5.4821815E0,5.228115E0,6.341059E0,-3.221489E-2,-4.9600597E-3,-9.649575E-3,5.045485E-2,-2.8854776E-2,1.6587982E-2,-1.2003247E-3,7.591804E-2,1.5845603E-1,8.374165E-2,7.779603E-2,4.2092428E-2,1.0838278E-1,-5.2737007E-3,1.078572E-1,1.674742E-1,3.5566058E-2,8.0338754E-2,1.4083081E-1,9.9689424E-2,1.0996285E-1,1.7192012E-1,1.5518537E-1,1.9133712E-1,1.6559641E-1,1.04858406E-1,1.9109938E-1,4.2866148E-2],"categories":[],"categories_nodes":[],"categories_segments":[],"categories_sizes":[],"default_left":[0,0,0,0,0,0,0,0,0,0,0,0,0,0,0,0,0,0,0,0,0,0,0,0,0,0,0,0,0,0,0,0,0,0,0,0,0,0,0,0,0,0,0,0,0,0,0,0,0,0,0,0,0,0,0,0,0],"id":1,"left_children":[1,3,5,7,9,11,13,15,17,19,21,23,25,27,-1,29,31,33,35,37,39,41,43,45,47,49,51,53,55,-1,-1,-1,-1,-1,-1,-1,-1,-1,-1,-1,-1,-1,-1,-1,-1,-1,-1,-1,-1,-1,-1,-1,-1,-1,-1,-1,-1],"loss_changes":[1.0891156E4,2.2230537E3,5.1121562E3,2.8013217E2,7.243926E2,1.2988086E3,5.245078E2,1.0512894E2,1.3670256E2,4.0065845E2,9.4791016E1,9.717246E2,6.3538086E2,4.4302734E2,0E0,3.7108078E1,7.696495E1,1.9720985E1,1.0934433E2,8.396973E0,2.3575562E2,1.7684778E2,1.1899341E2,2.0674927E2,2.5283008E2,3.9447656E2,1.13802734E2,3.2455078E2,1.1512109E2,0E0,0E0,0E0,0E0,0E0,0E0,0E0,0E0,0E0,0E0,0E0,0E0,0E0,0E0,0E0,0E0,0E0,0E0,0E0,0E0,0E0,0E0,0E0,0E0,0E0,0E0,0E0,0E0],"parents":[2147483647,0,0,1,1,2,2,3,3,4,4,5,5,6,6,7,7,8,8,9,9,10,10,11,11,12,12,13,13,15,15,16,16,17,17,18,18,19,19,20,20,21,21,22,22,23,23,24,24,25,25,26,26,27,27,28,28],"right_children":[2,4,6,8,10,12,14,16,18,20,22,24,26,28,-1,30,32,34,36,38,40,42,44,46,48,50,52,54,56,-1,-1,-1,-1,-1,-1,-1,-1,-1,-1,-1,-1,-1,-1,-1,-1,-1,-1,-1,-1,-1,-1,-1,-1,-1,-1,-1,-1],"split_conditions":[7.05882E-1,5.40441E-2,1.06512E-1,4.06061E-1,1.1226E-1,1.26316E0,2.13197E-1,4.87168E-2,-6.7E1,-2.5E-1,4.9505E-1,7.23086E-2,6.40389E-2,1.09534E0,2.1200322E-1,2.4E-1,2.3E1,1.60394E-1,3.6322E-2,4.47E2,4.7619E-2,2.47823E-1,1.6027E-1,8.4375E-1,9.56072E-2,2.76E0,2.00676E0,1.86704E-1,4.28571E-1,-3.221489E-2,-4.9600597E-3,-9.649575E-3,5.045485E-2,-2.8854776E-2,1.6587982E-2,-1.2003247E-3,7.591804E-2,1.5845603E-1,8.374165E-2,7.779603E-2,4.2092428E-2,1.0838278E-1,-5.2737007E-3,1.078572E-1,1.674742E-1,3.5566058E-2,8.0338754E-2,1.4083081E-1,9.9689424E-2,1.0996285E-1,1.7192012E-1,1.5518537E-1,1.9133712E-1,1.6559641E-1,1.04858406E-1,1.9109938E-1,4.2866148E-2],"split_indices":[1,0,0,1,0,1,0,0,3,2,1,0,0,1,0,1,6,2,0,4,1,2,0,1,2,1,1,2,2,0,0,0,0,0,0,0,0,0,0,0,0,0,0,0,0,0,0,0,0,0,0,0,0,0,0,0,0],"split_type":[0,0,0,0,0,0,0,0,0,0,0,0,0,0,0,0,0,0,0,0,0,0,0,0,0,0,0,0,0,0,0,0,0,0,0,0,0,0,0,0,0,0,0,0,0,0,0,0,0,0,0,0,0,0,0,0,0],"sum_hessian":[6.3708506E3,1.5124978E3,4.858353E3,4.1955383E2,1.0929438E3,2.5596697E3,2.2986833E3,2.9758295E2,1.2197089E2,7.476487E2,3.4529523E2,1.19706E3,1.3626095E3,1.7255139E3,5.7316956E2,2.2409673E2,7.348624E1,3.2193935E1,8.9776955E1,5.1638798E1,6.960099E2,1.7679338E2,1.6850185E2,5.44187E2,6.5287305E2,6.740606E2,6.8854895E2,7.340956E2,9.914183E2,1.5625227E2,6.784445E1,4.1725346E1,3.1760891E1,2.099907E1,1.1194866E1,2.0478155E1,6.92988E1,4.0116146E1,1.1522653E1,3.3568948E2,3.603204E2,1.6422206E2,1.2571307E1,9.030589E1,7.819595E1,1.2914568E2,4.1504132E2,3.9416507E2,2.58708E2,5.508453E2,1.23215355E2,5.227016E2,1.6584735E2,6.2407007E2,1.1002554E2,9.8482306E2,6.595198E0],"tree_param":{"num_deleted":"0",