{"learner":{"attributes":{},"feature_names":["RSQ","shooter_A","GK_A","team_elevation_dif","team_travel","team_rest_days","temperature_c","team_is_home","is_raining","match_time_aft","match_time_evening","match_time_night","match_time_nan"],"feature_types":["float","float","float","float","float","float","float","float","float","float","float","float","float"],"gradient_booster":{"model":{"gbtree_model_param":{"num_parallel_tree":"1","num_trees":"3"},"iteration_indptr":[0,1,2,3],"tree_info":[0,0,0],"trees":[{"base_weights":[5.0859184E0,3.7264895E0,7.1656456E0,1.7505919E0,4.962535E0,4.9379783E0,7.7511735E0,3.207888E-1,2.671643E0,3.989851E0,5.6495686E0,3.7100625E0,5.7001696E0,7.247255E0,2.6901156E-1,-4.265504E-1,1.5714757E0,5.2806034E0,2.4524384E0,3.127753E0,5.4390516E0,4.813295E0,6.530718E0,4.0421753E0,4.583537E-1,4.7845206E0,7.1627455E0,6.778146E0,2.5059697E-1,-2.6005572E-2,3.921886E-3,1.7233018E-2,6.307345E-2,7.4537896E-2,1.6560312E-1,7.84457E-2,2.318316E-2,4.051434E-2,1.0570765E-1,1.9844317E-1,1.2700017E-1,1.9680262E-1,1.3381192E-1,1.8275934E-1,2.3937054E-1,1.2589659E-1,2.6279498E-2,-2.6056953E-2,7.8571625E-2,1.46036E-1,4.7530536E-2,2.2139868E-1,9.80368E-2,2.060327E-1,8.972164E-2],"categories":[],"categories_nodes":[],"categories_segments":[],"categories_sizes":[],"default_left":[0,0,0,0,0,0,0,0,0,0,0,0,0,0,0,0,0,0,0,0,0,0,0,0,0,0,0,0,0,0,0,0,0,0,0,0,0,0,0,0,0,0,0,0,0,0,0,0,0,0,0,0,0,0,0],"id":0,"left_children":[1,3,5,7,9,11,13,15,17,19,21,23,25,27,-1,29,31,33,35,37,39,41,43,45,47,49,51,53,-1,-1,-1,-1,-1,-1,-1,-1,-1,-1,-1,-1,-1,-1,-1,-1,-1,-1,-1,-1,-1,-1,-1,-1,-1,-1,-1],"loss_changes":[1.6663047E4,8.724902E3,2.9580156E3,1.815229E3,1.4170117E3,4.0886816E2,9.849297E2,5.1108914E2,4.4665576E2,1.105627E3,8.728789E2,2.0206421E2,3.2048438E2,5.544922E2,0E0,8.4802505E1,1.0314813E2,6.755371E0,2.0503809E2,3.946211E2,4.1464355E2,3.4199902E2,2.8245898E2,7.366504E1,6.529957E1,2.8954102E1,3.48833E1,2.6653906E2,0E0,0E0,0E0,0E0,0E0,0E0,0E0,0E0,0E0,0E0,0E0,0E0,0E0,0E0,0E0,0E0,0E0,0E0,0E0,0E0,0E0,0E0,0E0,0E0,0E0,0E0,0E0],"parents":[2147483647,0,0,1,1,2,2,3,3,4,4,5,5,6,6,7,7,8,8,9,9,10,10,11,11,12,12,13,13,15,15,16,16,17,17,18,18,19,19,20,20,21,21,22,22,23,23,24,24,25,25,26,26,27,27],"right_children":[2,4,6,8,10,12,14,16,18,20,22,24,26,28,-1,30,32,34,36,38,40,42,44,46,48,50,52,54,-1,-1,-1,-1,-1,-1,-1,-1,-1,-1,-1,-1,-1,-1,-1,-1,-1,-1,-1,-1,-1,-1,-1,-1,-1,-1,-1],"split_conditions":[1.08033E-1,8.43434E-1,7.96875E-1,5.70069E-2,6.28565E-2,5E-1,2.00126E-1,4.29348E-1,-2.19512E-1,1.66472E0,1.25708E0,2.07979E-1,1.80645E-1,1.3413E0,2.6901156E-1,4.33365E-2,1E0,6.36292E-2,2.8401E-1,4.00002E-2,3.63557E-2,-1.25176E-1,2.01681E0,5.84E2,-8E0,3E1,7.75862E-1,3.12715E-1,2.5059697E-1,-2.6005572E-2,3.921886E-3,1.7233018E-2,6.307345E-2,7.4537896E-2,1.6560312E-1,7.84457E-2,2.318316E-2,4.051434E-2,1.0570765E-1,1.9844317E-1,1.2700017E-1,1.9680262E-1,1.3381192E-1,1.8275934E-1,2.3937054E-1,1.2589659E-1,2.6279498E-2,-2.6056953E-2,7.8571625E-2,1.46036E-1,4.7530536E-2,2.2139868E-1,9.80368E-2,2.060327E-1,8.972164E-2],"split_indices":[0,1,1,0,0,1,0,1,2,1,1,2,0,1,0,0,11,0,2,0,2,2,1,3,3,6,1,2,0,0,0,0,0,0,0,0,0,0,0,0,0,0,0,0,0,0,0,0,0,0,0,0,0,0,0],"split_type":[0,0,0,0,0,0,0,0,0,0,0,0,0,0,0,0,0,0,0,0,0,0,0,0,0,0,0,0,0,0,0,0,0,0,0,0,0,0,0,0,0,0,0,0,0,0,0,0,0,0,0,0,0,0,0],"sum_hessian":[5.9144883E3,3.5802778E3,2.3342104E3,1.3799618E3,2.200316E3,4.9011618E2,1.8440944E3,5.42143E2,8.378188E2,9.170509E2,1.2832651E3,1.9270663E2,2.9740955E2,1.3141791E3,5.299152E2,3.3968494E2,2.0245802E2,6.1004604E1,7.768142E2,5.793906E2,3.3766025E2,6.656116E2,6.1765356E2,1.7412836E2,1.8578276E1,1.8857684E2,1.08832695E2,9.3342194E2,3.8075717E2,1.9014023E2,1.4954472E2,7.245381E1,1.3000421E2,6.9374924E0,5.4067112E1,7.067635E2,7.005071E1,1.0760424E2,4.717864E2,1.6599374E2,1.7166649E2,1.0548139E2,5.601302E2,4.825697E2,1.3508385E2,1.6511113E2,9.017235E0,1.1964139E1,6.6141376E0,1.824698E2,6.1070395E0,1.01145584E2,7.687107E0,9.1000055E2,2.3421385E1],"tree_param":{"num_deleted":"0","num_feature":"13","num_nodes":"55","size_leaf_vector":"1"}},{"base_weights":[4.34808E0,2.0607343E0,5.0526114E0,1.8365736E-1,2.877682E0,4.1322584E0,6.1834974E0,-4.1829967E-1,1.5844512E0,2.3289952E0,4.137102E0,3.1700635E0,4.6716194E0,5.9462934E0,2.2048578E-1,-8.5943675E-1,1.2645E-1,3.721304E-2,2.066128E0,2.9742672E0,1.6823221E0,2.9473295E0,4.6014385E0,2.1556027E0,3.9833424E0,3.4835966E0,5.0939374E0,5.29334E0,6.266392E0,-3.0240433E-2,-3.7444513E-3,-6.8403305E-3,3.08541E-2,-2.835361E-2,3.4840334E-2,2.7546624E-2,8.843086E-2,6.904498E-2,1.22898385E-1,-3.1233469E-2,6.223619E-2,1.4641899E-1,5.283819E-2,1.06745034E-1,1.6620333E-1,1.0818101E-1,5.501933E-2,1.3036191E-1,9.325642E-2,9.44878E-2,1.8908958E-1,1.4296491E-1,1.888069E-1,1.6309093E-1,6.480778E-2,1.8886876E-1,5.2545607E-2],"categories":[],"categories_nodes":[],"categories_segments":[],"categories_sizes":[],"default_left":[0,0,0,0,0,0,0,0,0,0,0,0,0,0,0,0,0,0,0,0,0,0,0,0,0,0,0,0,0,0,0,0,0,0,0,0,0,0,0,0,0,0,0,0,0,0,0,0,0,0,0,0,0,0,0,0,0],"id":1,"left_children":[1,3,5,7,9,11,13,15,17,19,21,23,25,27,-1,29,31,33,35,37,39,41,43,45,47,49,51,53,55,-1,-1,-1,-1,-1,-1,-1,-1,-1,-1,-1,-1,-1,-1,-1,-1,-1,-1,-1,-1,-1,-1,-1,-1,-1,-1,-1,-1],"loss_changes":[1.0765125E4,2.4200664E3,5.2661406E3,4.0882996E2,7.350537E2,1.430457E3,5.332656E2,8.220698E1,1.06370544E2,3.0747168E2,1.481709E2,8.2061816E2,8.628633E2,3.2253906E2,0E0,1.9147018E1,4.9877445E1,4.3416378E1,1.0266699E2,2.639663E2,4.229629E2,2.0334747E2,1.8052246E2,1.95948E2,1.4442773E2,4.0379785E2,4.524375E2,2.575625E2,1.38E2,0E0,0E0,0E0,0E0,0E0,0E0,0E0,0E0,0E0,0E0,0E0,0E0,0E0,0E0,0E0,0E0,0E0,0E0,0E0,0E0,0E0,0E0,0E0,0E0,0E0,0E0,0E0,0E0],"parents":[2147483647,0,0,1,1,2,2,3,3,4,4,5,5,6,6,7,7,8,8,9,9,10,10,11,11,12,12,13,13,15,15,16,16,17,17,18,18,19,19,20,20,21,21,22,22,23,23,24,24,25,25,26,26,27,27,28,28],"right_children":[2,4,6,8,10,12,14,16,18,20,22,24,26,28,-1,30,32,34,36,38,40,42,44,46,48,50,52,54,56,-1,-1,-1,-1,-1,-1,-1,-1,-1,-1,-1,-1,-1,-1,-1,-1,-1,-1,-1,-1,-1,-1,-1,-1,-1,-1,-1,-1],"split_conditions":[7.02849E-1,5.70069E-2,1.11253E-1,4.29348E-1,1.15668E-1,1.12598E0,2.4977E-1,4.33365E-2,-6.7E1,4.7619E-2,2.98611E-1,7.26451E-2,5.23097E-2,1.02156E0,2.2048578E-1,3.33333E-1,2.3301E-1,1.35802E-1,4.33365E-2,1.65E2,2.44898E-1,1.24707E-1,1.57008E-1,-9.18675E-2,1.35802E-1,4.17021E0,2E0,2.8401E-1,4.31495E-1,-3.0240433E-2,-3.7444513E-3,-6.8403305E-3,3.08541E-2,-2.835361E-2,3.4840334E-2,2.7546624E-2,8.843086E-2,6.904498E-2,1.22898385E-1,-3.1233469E-2,6.223619E-2,1.4641899E-1,5.283819E-2,1.06745034E-1,1.6620333E-1,1.0818101E-1,5.501933E-2,1.3036191E-1,9.325642E-2,9.44878E-2,1.8908958E-1,1.4296491E-1,1.888069E-1,1.6309093E-1,6.480778E-2,1.8886876E-1,5.2545607E-2],"split_indices":[1,0,0,1,0,1,0,0,3,1,1,0,0,1,0,1,1,2,0,3,1,0,0,2,2,1,1,2,2,0,0,0,0,0,0,0,0,0,0,0,0,0,0,0,0,0,0,0,0,0,0,0,0,0,0,0,0],"split_type":[0,0,0,0,0,0,0,0,0,0,0,0,0,0,0,0,0,0,0,0,0,0,0,0,0,0,0,0,0,0,0,0,0,0,0,0,0,0,0,0,0,0,0,0,0,0,0,0,0,0,0,0,0,0,0,0,0],"sum_hessian":[6.6954907E3,1.5788456E3,5.116645E3,4.7989005E2,1.0989556E3,2.826521E3,2.2901243E3,3.3613367E2,1.4375638E2,7.699897E2,3.2896588E2,1.0208969E3,1.805624E3,1.9138488E3,3.7627563E2,1.8610591E2,1.5002777E2,3.5133003E1,1.0862337E2,3.810351E2,3.889546E2,9.707586E1,2.3189001E2,4.5805856E2,5.628383E2,4.7900378E2,1.3266201E3,6.421522E2,1.2716964E3,1.5304659E2,3.3059322E1,1.07980995E2,4.204678E1,1.8444237E1,1.6688766E1,4.9450443E1,5.9172928E1,2.4260347E2,1.3843164E2,4.8226448E1,3.4072815E2,3.4221214E1,6.285464E1,1.1486833E2,1.1702168E2,7.886565E1,3.7919293E2,3.916619E2,1.7117644E2,4.3237122E2,4.6632572E1,1.0499404E3,2.7667972E2,6.1240656E2,2.9745714E1,1.2625115E3,9.185023E0],"tree_param":{"num_deleted":"0","num_feature":"13","num_nodes":"57",