{"learner":{"attributes":{},"feature_names":["RSQ","shooter_A","GK_A","team_elevation_dif","team_travel","team_rest_days","temperature_c","team_is_home","is_raining","match_time_aft","match_time_evening","match_time_night","match_time_nan"],"feature_types":["float","float","float","float","float","float","float","float","float","float","float","float","float"],"gradient_booster":{"model":{"gbtree_model_param":{"num_parallel_tree":"1","num_trees":"2"},"iteration_indptr":[0,1,2],"tree_info":[0,0],"trees":[{"base_weights":[4.64549E0,9.4411755E-1,5.331087E0,-1.9861832E-1,2.6093302E0,4.1598487E0,6.9824347E0,-8.0117863E-1,3.304316E-1,4.6819067E0,2.1234415E0,2.9837224E0,4.7353406E0,6.4455876E0,8.166908E0,-5.479299E-2,4.0457872E-1,7.886445E-1,-5.3793646E-2,1.0784097E0,5.756445E0,1.429783E0,3.7480423E0,1.8725339E0,3.9418974E0,4.327047E0,7.0338135E0,5.911845E0,7.5922422E0,7.7149215E0,4.5946655E-1,2.0093217E0,-4.9604997E-1,2.2780697E-1,6.5767264E-1,1.7602591E-1,-4.5784276E-2,3.5075343E0,6.4528246E0,7.8717315E-1,2.1929364E0,2.4094489E0,5.0977182E0,2.1129735E0,-2.545318E-1,5.061649E0,3.0418344E0,3.148418E0,4.6098037E0,3.545041E-1,1.1234792E-1,6.9562507E0,5.3269186E0,7.6483545E0,9.551385E-2,5.00641E0,3.9507303E-1,-4.2756226E-2,1.8906595E-1,-5.0910957E-2,3.7354883E-2,1.3239867E-2,9.6490666E-2,3.458151E-2,3.5769618E-1,3.5129172E-1,9.551385E-2,2.0828557E-1,2.1755E-2,1.3451385E-1,-2.073002E-3,2.0842648E-1,4.589133E-2,2.7843994E-1,7.86944E-2,9.942559E-2,3.2018358E-1,4.180282E-2,-5.1404327E-2,8.661073E-2,2.617491E-1,1.8334168E-1,7.602241E-2,2.1169348E-1,1.3100512E-1,3.0014893E-1,2.1943088E-1,1.8961315E-1,3.5527006E-1,1.7863588E-1,2.8283706E-1,3.8439214E-1,1.1716034E-1,2.8214893E-1,7.577077E-2],"categories":[],"categories_nodes":[],"categories_segments":[],"categories_sizes":[],"default_left":[0,0,0,0,0,0,0,0,0,0,0,0,0,0,0,0,0,0,0,0,0,0,0,0,0,0,0,0,0,0,0,0,0,0,0,0,0,0,0,0,0,0,0,0,0,0,0,0,0,0,0,0,0,0,0,0,0,0,0,0,0,0,0,0,0,0,0,0,0,0,0,0,0,0,0,0,0,0,0,0,0,0,0,0,0,0,0,0,0,0,0,0,0,0,0],"id":0,"left_children":[1,3,5,7,9,11,13,15,17,19,21,23,25,27,29,-1,31,33,-1,35,37,39,41,43,45,47,49,51,53,55,-1,57,59,-1,61,-1,-1,63,65,67,69,71,73,75,77,79,81,83,85,-1,-1,87,89,91,-1,93,-1,-1,-1,-1,-1,-1,-1,-1,-1,-1,-1,-1,-1,-1,-1,-1,-1,-1,-1,-1,-1,-1,-1,-1,-1,-1,-1,-1,-1,-1,-1,-1,-1,-1,-1,-1,-1,-1,-1],"loss_changes":[7.3275703E3,8.621332E2,4.6858203E3,8.6161285E1,1.7569678E2,9.5286523E2,5.8964453E2,4.5307175E1,9.375939E1,1.2613623E2,1.649881E2,4.9525732E2,8.682012E2,3.834004E2,7.2953125E1,0E0,3.789241E1,5.0949883E1,0E0,4.744815E1,1.8237732E1,5.1016647E1,6.831836E1,1.1330597E2,2.3917847E2,2.573418E2,2.2543457E1,2.5742188E2,5.5134766E1,7.2649414E1,0E0,5.081871E1,1.1895625E1,0E0,5.287869E1,0E0,0E0,8.090555E1,3.5347534E1,6.949208E1,5.4122116E1,5.9920746E1,2.6623962E1,9.3115845E1,2.0503975E1,5.5020752E1,1.299607E2,8.12262E1,1.7572266E2,0E0,0E0,5.317578E1,1.6103223E2,2.7295898E1,0E0,2.9313751E1,0E0,0E0,0E0,0E0,0E0,0E0,0E0,0E0,0E0,0E0,0E0,0E0,0E0,0E0,0E0,0E0,0E0,0E0,0E0,0E0,0E0,0E0,0E0,0E0,0E0,0E0,0E0,0E0,0E0,0E0,0E0,0E0,0E0,0E0,0E0,0E0,0E0,0E0,0E0],"parents":[2147483647,0,0,1,1,2,2,3,3,4,4,5,5,6,6,7,7,8,8,9,9,10,10,11,11,12,12,13,13,14,14,16,16,17,17,19,19,20,20,21,21,22,22,23,23,24,24,25,25,26,26,27,27,28,28,29,29,31,31,32,32,34,34,37,37,38,38,39,39,40,40,41,41,42,42,43,43,44,44,45,45,46,46,47,47,48,48,51,51,52,52,53,53,55,55],"right_children":[2,4,6,8,10,12,14,16,18,20,22,24,26,28,30,-1,32,34,-1,36,38,40,42,44,46,48,50,52,54,56,-1,58,60,-1,62,-1,-1,64,66,68,70,72,74,76,78,80,82,84,86,-1,-1,88,90,92,-1,94,-1,-1,-1,-1,-1,-1,-1,-1,-1,-1,-1,-1,-1,-1,-1,-1,-1,-1,-1,-1,-1,-1,-1,-1,-1,-1,-1,-1,-1,-1,-1,-1,-1,-1,-1,-1,-1,-1,-1],"split_conditions":[5.55556E-1,7.84377E-2,1.12244E-1,4.83407E-2,-4.85E2,5.90348E-2,2.00346E-1,3.8961E-1,1.47727E-1,-7.42E2,1.48103E-1,1.42763E0,1.72222E0,1.31677E0,3.53319E-1,-5.479299E-2,-2.30179E-2,-1.347E3,-5.3793646E-2,-1.584E3,-7.13E2,1.23E2,3.7E1,2.20273E-1,-4.34972E-4,8.63636E-1,2.614E3,-4.46895E-2,3.15068E-1,7.66204E-1,4.5946655E-1,-1.3798E-1,5E-1,2.2780697E-1,3.66E2,1.7602591E-1,-4.5784276E-2,3.06473E-1,2.09756E-1,7.99269E-2,8.17E2,-1.44E2,1.59664E-1,2.954E3,-1.12E2,2.81014E-2,8.9E1,-6.04454E-2,-2.18027E-1,3.545041E-1,1.1234792E-1,-4.32E2,8.26087E-1,1.37E3,9.551385E-2,6.76923E-1,3.9507303E-1,-4.2756226E-2,1.8906595E-1,-5.0910957E-2,3.7354883E-2,1.3239867E-2,9.6490666E-2,3.458151E-2,3.5769618E-1,3.5129172E-1,9.551385E-2,2.0828557E-1,2.1755E-2,1.3451385E-1,-2.073002E-3,2.0842648E-1,4.589133E-2,2.7843994E-1,7.86944E-2,9.942559E-2,3.2018358E-1,4.180282E-2,-5.1404327E-2,8.661073E-2,2.617491E-1,1.8334168E-1,7.602241E-2,2.1169348E-1,1.3100512E-1,3.0014893E-1,2.1943088E-1,1.8961315E-1,3.5527006E-1,1.7863588E-1,2.8283706E-1,3.8439214E-1,1.1716034E-1,2.8214893E-1,7.577077E-2],"split_indices":[1,0,0,0,3,0,0,1,2,3,0,1,1,1,0,0,2,3,0,3,3,3,3,2,2,1,4,2,2,1,0,2,1,0,3,0,0,0,1,0,4,3,2,4,3,0,3,2,2,0,0,3,1,3,0,1,0,0,0,0,0,0,0,0,0,0,0,0,0,0,0,0,0,0,0,0,0,0,0,0,0,0,0,0,0,0,0,0,0,0,0,0,0,0,0],"split_type":[0,0,0,0,0,0,0,0,0,0,0,0,0,0,0,0,0,0,0,0,0,0,0,0,0,0,0,0,0,0,0,0,0,0,0,0,0,0,0,0,0,0,0,0,0,0,0,0,0,0,0,0,0,0,0,0,0,0,0,0,0,0,0,0,0,0,0,0,0,0,0,0,0,0,0,0,0,0,0,0,0,0,0,0,0,0,0,0,0,0,0,0,0,0,0],"sum_hessian":[2.8885227E3,4.517909E2,2.4367317E3,2.6845026E2,1.8334064E2,1.4276632E3,1.0090686E3,1.2526527E2,1.4318498E2,3.3178913E1,1.5016173E2,4.7108875E2,9.565744E2,6.9879205E2,3.1027655E2,1.00736824E2,2.4528442E1,1.0832795E2,3.4857033E1,8.081378E0,2.5097538E1,1.0654858E2,4.361314E1,2.1949556E2,2.515932E2,8.147307E2,1.4184369E2,4.8103604E2,2.1775603E2,2.2108594E2,8.9190605E1,8.374935E0,1.6153507E1,2.5042524E0,1.0582369E2,3.2885356E0,4.792842E0,7.361355E0,1.7736183E1,5.8945374E1,4.7603207E1,2.3294811E1,2.031833E1,1.9720995E2,2.2285618E1,1.1005373E2,1.4153947E2,1.5998642E2,6.5474426E2,1.3972014E2,2.123552E0,1.6878047E2,3.1225558E2,2.152839E2,2.4721224E0,1.6039095E1,2.0504684E2,3.3985605E0,4.9763746E0,1.150282E1,4.6506867E0,8.177673E1,2.4046965E1,4.824972E0,2.5363827E0,1.526406E1,2.4721224E0,4.540662E0,5.4404713E1,3.8769676E1,8.83353E0,9.865607E0,1.3429205E1,1.7410494E1,2.9078352E0,1.9307286E2,4.1370792E0,9.2142315E0,1.3071387E1,5.9899554E0,1.04063774E2,9.932547E1,4.2214E1,5.008019E1,1.09906235E2,8.612604E1,5.686183E2,8.787766E0,1.599927E2,5.1290936E1,2.6096463E2,2.132475E2,2.0364094E0,1.3044118E1,2.9949777E0],"tree_param":{"num_deleted":"0","num_feature":"13","num_nodes":"95","size_leaf_vector":"1"}},{"base_weights":[3.6473355E0,8.8844883E-1,4.0701723E0,-2.2869273E-1,2.1774964E0,3.3787253E0,5.0814133E0,2.8458648E0,-3.2189485E-1,2.6703331E0,1.0919305E0,2.973199E0,4.3288436E0,4.850724E0,5.901219E0,1.8713146E-1,6.642147E-2,-5.843718E-1,4.8901218E-1,2.4205136E0,4.4124565E0,7.487966E-1,3.416305E0,2.2047224E0,3.5079386E0,3.4071033E0,4.866667E0,3.5875995E0,4.9922385E0,5.8107197E-2,2.9810447E-1,-5.4377016E-2,-1.7536896E-1,2.336513E0,-2.2580169E-1,2.5186636E0,-4.3891236E-2,2.4340914E-1,7.9227455E-2,3.065837E-1,2.0825205E0,2.81644E-1,9.037067E-1,2.3679419E0,2.7178276E-1,4.0371876E0,3.2460773E0,5.1174603E0,3.1179705E0,4.6731243E0,6.232407E0,3.9097192E0,1.9676491E0,4.79365E0,5.632707E0,1.3729117E-2,-5.352048E-2,1.6122341E-1,-4.259549E-2,-3.894511E-2,5.8542605E-2,1.0590197E-1,1.762594E-1,9.975451E-2,-5.566817E-3,1.6548732E-1,-4.506004E-2,-3.7795924E-2,1.1459954E-1,2.4207294E-1,1.1343312E-1,-2.312713E-2,1.0686538E-1,1.07456796E-1,2.1237992E-1,1.5342692E-1,2.1122496E-1,2.8964797E-1,4.820876E-2,1.6818133E-1,8.997173E-2,6.1527904E-2,2.3546481E-1,3.1969726E-1,1.1437442E-1,1.7925209E-1,2.815553E-1,-4.4480678E-2,1.3742915E-1,2.472477E-1,1.8690544E-1,2.8300008E-1,1.0900664E-1],"categories":[],"categories_nodes":[],"categories_segments":[],"categories_sizes":[],"default_left":[0,0,0,0,0,0,0,0,0,0,0,0,0,0,0,0,0,0,0,0,0,0,0,0,0,0,0,0,0,0,0,0,0,0,0,0,0,0,0,0,0,0,0,0,0,0,0,0,0,0,0,0,0,0,0,0,0,0,0,0,0,0,0,0,0,0,0,0,0,0,0,0,0,0,0,0,0,0,0,0,0,0,0,0,0,0,0,0,0,0,0,0,0],"id":1,