{"learner":{"attributes":{},"feature_names":["RSQ","shooter_A","GK_A","team_elevation_dif","team_travel","team_rest_days","temperature_c","team_is_home","is_raining","match_time_aft","match_time_evening","match_time_night","match_time_nan"],"feature_types":["float","float","float","float","float","float","float","float","float","float","float","float","float"],"gradient_booster":{"model":{"gbtree_model_param":{"num_parallel_tree":"1","num_trees":"2"},"iteration_indptr":[0,1,2],"tree_info":[0,0],"trees":[{"base_weights":[4.6764264E0,1.8879434E0,5.378929E0,4.146729E0,1.1916405E0,4.1892424E0,6.666681E0,2.4070494E0,5.0679393E0,-2.5413427E-1,2.4673338E0,2.8325872E0,4.5913157E0,6.2973804E0,4.3208385E-1,4.0378823E0,1.8022398E0,4.269056E0,6.1256113E0,-8.3783734E-1,3.790834E-1,7.4745774E-1,3.2824607E0,2.212166E0,4.5278234E0,4.209688E0,6.655859E0,5.927518E0,7.48934E0,4.8645287E0,-3.8666204E-2,1.2752426E0,3.7452974E0,4.4940896E0,-4.090015E-2,6.356781E0,1.4349131E-1,6.98465E-1,-1.0242702E0,-1.439644E-1,2.5496945E0,3.0093606E0,3.8432357E-1,5.0051184E0,2.7001464E0,3.0974483E0,1.2606843E0,5.3130064E0,2.5023437E0,4.3360195E0,2.0014858E0,6.0054603E0,7.1601777E0,5.614032E0,6.676825E0,6.7248597E0,8.232495E0,8.0951996E-2,2.766519E-1,2.3014818E-1,3.8148914E-2,2.2583552E-1,7.516547E-2,1.029669E-1,2.3345076E-1,3.3364245E-1,1.731097E-1,-4.6792846E-2,8.0713935E-2,-2.8225688E-2,-5.477611E-2,3.215642E-2,-4.577898E-2,3.0673203E-1,7.743221E-2,-4.208296E-2,2.1063252E-1,-5.112458E-2,3.1058604E-2,2.6959145E-1,3.909069E-2,9.253075E-2,1.63719E-1,-1.9162428E-2,1.7382081E-1,7.294343E-2,-5.0362837E-2,3.3798984E-1,2.2207585E-1,1.4993826E-1,-4.3085866E-2,1.9403435E-1,2.4340367E-1,-5.008493E-2,1.3087495E-1,3.0970594E-1,1.14505075E-1,2.636508E-1,3.7004265E-1,1.80268E-1,2.8762135E-1,3.3547357E-1,1.0186501E-1,2.5960717E-1,3.5521755E-1,4.1605803E-1,1.7493409E-1],"categories":[],"categories_nodes":[],"categories_segments":[],"categories_sizes":[],"default_left":[0,0,0,0,0,0,0,0,0,0,0,0,0,0,0,0,0,0,0,0,0,0,0,0,0,0,0,0,0,0,0,0,0,0,0,0,0,0,0,0,0,0,0,0,0,0,0,0,0,0,0,0,0,0,0,0,0,0,0,0,0,0,0,0,0,0,0,0,0,0,0,0,0,0,0,0,0,0,0,0,0,0,0,0,0,0,0,0,0,0,0,0,0,0,0,0,0,0,0,0,0,0,0,0,0,0,0],"id":0,"left_children":[1,3,5,7,9,11,13,15,17,19,21,23,25,27,-1,29,31,33,35,37,39,41,43,45,47,49,51,53,55,57,-1,59,61,63,-1,65,-1,67,69,71,73,75,77,79,81,83,85,87,89,91,93,95,97,99,101,103,105,-1,-1,-1,-1,-1,-1,-1,-1,-1,-1,-1,-1,-1,-1,-1,-1,-1,-1,-1,-1,-1,-1,-1,-1,-1,-1,-1,-1,-1,-1,-1,-1,-1,-1,-1,-1,-1,-1,-1,-1,-1,-1,-1,-1,-1,-1,-1,-1,-1,-1],"loss_changes":[7.538453E3,1.2171016E3,4.686836E3,2.8056128E2,1.0985952E3,8.610293E2,1.02222656E3,5.698114E1,7.400122E1,1.0379359E2,4.4104346E2,3.7801E2,9.445547E2,5.0548828E2,0E0,7.065137E1,4.5736694E1,8.4753784E1,1.8413574E1,4.252851E1,1.5360582E2,8.345885E1,2.014895E2,2.2524316E2,1.4238672E2,2.8271484E2,1.9603516E1,1.872461E2,1.1029297E2,2.2478943E1,0E0,6.522252E1,1.05195465E1,1.9336792E1,0E0,1.7748901E1,0E0,2.6046848E1,3.659607E0,6.721956E1,8.474655E1,6.890396E1,3.0594162E1,8.2305664E1,7.314282E1,1.8631396E2,6.1160995E1,5.7799683E1,5.140924E1,2.2025977E2,1.1062906E2,4.858911E1,7.439453E0,1.6851172E2,2.8274414E1,4.988867E1,3.107129E1,0E0,0E0,0E0,0E0,0E0,0E0,0E0,0E0,0E0,0E0,0E0,0E0,0E0,0E0,0E0,0E0,0E0,0E0,0E0,0E0,0E0,0E0,0E0,0E0,0E0,0E0,0E0,0E0,0E0,0E0,0E0,0E0,0E0,0E0,0E0,0E0,0E0,0E0,0E0,0E0,0E0,0E0,0E0,0E0,0E0,0E0,0E0,0E0,0E0,0E0],"parents":[2147483647,0,0,1,1,2,2,3,3,4,4,5,5,6,6,7,7,8,8,9,9,10,10,11,11,12,12,13,13,15,15,16,16,17,17,18,18,19,19,20,20,21,21,22,22,23,23,24,24,25,25,26,26,27,27,28,28,29,29,31,31,32,32,33,33,35,35,37,37,38,38,39,39,40,40,41,41,42,42,43,43,44,44,45,45,46,46,47,47,48,48,49,49,50,50,51,51,52,52,53,53,54,54,55,55,56,56],"right_children":[2,4,6,8,10,12,14,16,18,20,22,24,26,28,-1,30,32,34,36,38,40,42,44,46,48,50,52,54,56,58,-1,60,62,64,-1,66,-1,68,70,72,74,76,78,80,82,84,86,88,90,92,94,96,98,100,102,104,106,-1,-1,-1,-1,-1,-1,-1,-1,-1,-1,-1,-1,-1,-1,-1,-1,-1,-1,-1,-1,-1,-1,-1,-1,-1,-1,-1,-1,-1,-1,-1,-1,-1,-1,-1,-1,-1,-1,-1,-1,-1,-1,-1,-1,-1,-1,-1,-1,-1,-1],"split_conditions":[7.1124E-1,2.61915E-2,9.71494E-2,1.94365E-2,3.7931E-1,4.91437E-2,2.35053E-1,-2.49E2,4.19E2,6.66667E-2,6.99725E-2,2.22034E0,1.85185E0,1.36039E0,4.3208385E-1,1.65972E-1,4.33E2,2.34E2,2.305E3,3.15041E-2,9.64555E-2,-1.67883E-1,-6.04454E-2,7.42422E-2,1.2618E-1,2.58475E-1,2.17778E0,1.59649E-1,1.30606E-1,1.77243E-2,-3.8666204E-2,-2.44813E-1,4.27E2,1.98388E-2,-4.090015E-2,2.3054E-2,1.4349131E-1,3.31492E-2,-1.29839E-1,3.31492E-2,-2.18027E-1,-2.98701E-1,3.77972E-2,1.217E3,5.97744E-1,3.20838E-2,2.95775E-1,-1.82E2,2.63E2,1.24444E0,5.79153E-2,2.59259E-1,5.49696E-2,8.33333E-1,1.65E3,1E0,2.20844E-1,8.0951996E-2,2.766519E-1,2.3014818E-1,3.8148914E-2,2.2583552E-1,7.516547E-2,1.029669E-1,2.3345076E-1,3.3364245E-1,1.731097E-1,-4.6792846E-2,8.0713935E-2,-2.8225688E-2,-5.477611E-2,3.215642E-2,-4.577898E-2,3.0673203E-1,7.743221E-2,-4.208296E-2,2.1063252E-1,-5.112458E-2,3.1058604E-2,2.6959145E-1,3.909069E-2,9.253075E-2,1.63719E-1,-1.9162428E-2,1.7382081E-1,7.294343E-2,-5.0362837E-2,3.3798984E-1,2.2207585E-1,1.4993826E-1,-4.3085866E-2,1.9403435E-1,2.4340367E-1,-5.008493E-2,1.3087495E-1,3.0970594E-1,1.14505075E-1,2.636508E-1,3.7004265E-1,1.80268E-1,2.8762135E-1,3.3547357E-1,1.0186501E-1,2.5960717E-1,3.5521755E-1,4.1605803E-1,1.7493409E-1],"split_indices":[1,0,0,0,1,0,0,3,4,1,0,1,1,1,0,2,3,4,4,0,0,2,2,2,2,2,1,0,0,0,0,2,4,0,0,0,0,2,2,2,2,2,0,4,1,0,2,3,3,1,0,2,0,1,3,11,0,0,0,0,0,0,0,0,0,0,0,0,0,0,0,0,0,0,0,0,0,0,0,0,0,0,0,0,0,0,0,0,0,0,0,0,0,0,0,0,0,0,0,0,0,0,0,0,0,0,0],"split_type":[0,0,0,0,0,0,0,0,0,0,0,0,0,0,0,0,0,0,0,0,0,0,0,0,0,0,0,0,0,0,0,0,0,0,0,0,0,0,0,0,0,0,0,0,0,0,0,0,0,0,0,0,0,0,0,0,0,0,0,0,0,0,0,0,0,0,0,0,0,0,0,0,0,0,0,0,0,0,0,0,0,0,0,0,0,0,0,0,0,0,0,0,0,0,0,0,0,0,0,0,0,0,0,0,0,0,0],"sum_hessian":[3.852464E3,7.7598627E2,3.076478E3,1.8167682E2,5.9430945E2,1.6013385E3,1.4751395E3,6.414804E1,1.17528786E2,2.7895908E2,3.153504E2,3.6793063E2,1.2334078E3,1.2462874E3,2.2885207E2,1.5818394E1,4.8329643E1,6.982479E1,4.770399E1,1.4498659E2,1.3397247E2,1.020169E2,2.1333351E2,2.7104047E2,9.689019E1,1.0435486E3,1.8985924E2,9.5570636E2,2.9058105E2,1.3489574E1,2.3288193E0,3.9321224E1,9.00842E0,6.6978455E1,2.846335E0,4.365211E1,4.0518813E0,1.53931E1,1.2959349E2,1.0871042E2,2.5262056E1,1.3104423E1,8.8912476E1,5.197648E1,1.6135703E2,1.3923622E2,1.3180423E2,6.865342E1,2.8236774E1,9.861664E2,5.7382187E1,8.855787E1,1.0130136E2,6.7979456E2,2.759118E2,1.4818893E2,1.4239212E2,2.8884664E0,1.0601109E1,4.1802654E0,3.514096E1,5.9474483E0,3.0609715E0,5.3456697E0,6.1632786E1,3.817806E1,5.474054E0,5.5201645E0,9.872935E0,1.8586433E1,1.1100706E2,5.3897907E1,5.4812515E1,4.394902E0,2.0867153E1,3.1913452E0,9.913077E0,1.2334118E1,7.6578354E1,4.736296E1,4.6135178E0,6.678172E1,9.45753E1,1.3670037E1,1.2556619E2,1.2154017E2,1.0264056E1,2.32683E1,4.538512E1,2.4700418E1,3.5363555E0,5.358655E2,4.5030093E2,9.660288E0,4.7721897E1,8.364346E1,4.914407E0,1.4049221E1,8.7252144E1,4.5561604E1,6.34233E2,2.7354083E2,2.370951E0,3.232283E1,1.1586611E2,1.3903026E2,3.3618608E0],"tree_param":{"num_deleted":"0","num_feature":"13","num_nodes":"107",