{"learner":{"attributes":{},"feature_names":["RSQ","shooter_A","GK_A","team_elevation_dif","team_travel","team_rest_days","temperature_c","team_is_home","is_raining","match_time_aft","match_time_evening","match_time_night","match_time_nan"],"feature_types":["float","float","float","float","float","float","float","float","float","float","float","float","float"],"gradient_booster":{"model":{"gbtree_model_param":{"num_parallel_tree":"1","num_trees":"3"},"iteration_indptr":[0,1,2,3],"tree_info":[0,0,0],"trees":[{"base_weights":[4.670309E0,7.298184E-1,5.4379044E0,-7.8693576E-2,3.2742133E0,4.2984123E0,7.158884E0,-7.528953E-1,7.418296E-1,3.539765E0,1.9286662E-4,3.3914723E0,5.063379E0,6.595778E0,2.553447E-1,-8.549641E-1,4.1287962E-2,1.6375208E-1,1.5268399E0,2.5799181E0,4.867091E0,2.361578E0,4.3291E0,3.6340935E0,5.7171817E0,6.124568E0,2.4084465E-1,-3.2280266E-2,-1.0951509E-2,4.4841826E-2,-1.2293418E-2,6.098419E-2,-2.4723541E-2,5.552573E-2,1.3676898E-1,9.3836606E-2,1.7933266E-1,2.6557602E-2,8.038448E-2,1.4732194E-1,1.04815215E-1,1.2975636E-1,4.9804733E-3,1.5369385E-1,2.088913E-1,1.9119294E-1,1.4776E-1],"categories":[],"categories_nodes":[],"categories_segments":[],"categories_sizes":[],"default_left":[0,0,0,0,0,0,0,0,0,0,0,0,0,0,0,0,0,0,0,0,0,0,0,0,0,0,0,0,0,0,0,0,0,0,0,0,0,0,0,0,0,0,0,0,0,0,0],"id":0,"left_children":[1,3,5,7,9,11,13,15,17,19,-1,21,23,25,-1,27,-1,29,31,33,35,37,39,41,43,45,-1,-1,-1,-1,-1,-1,-1,-1,-1,-1,-1,-1,-1,-1,-1,-1,-1,-1,-1,-1,-1],"loss_changes":[7.4845234E3,8.4039185E2,3.9950156E3,1.727825E2,8.181299E1,8.26791E2,4.9946094E2,3.921048E1,6.1476166E1,8.303967E1,0E0,5.3308105E2,5.801133E2,2.8606836E2,0E0,1.5729431E1,0E0,6.625827E1,7.417589E1,5.9461853E1,2.1851807E1,1.2375012E2,1.03395996E2,5.163721E2,2.5654395E2,6.1021484E1,0E0,0E0,0E0,0E0,0E0,0E0,0E0,0E0,0E0,0E0,0E0,0E0,0E0,0E0,0E0,0E0,0E0,0E0,0E0,0E0,0E0],"parents":[2147483647,0,0,1,1,2,2,3,3,4,4,5,5,6,6,7,7,8,8,9,9,11,11,12,12,13,13,15,15,17,17,18,18,19,19,20,20,21,21,22,22,23,23,24,24,25,25],"right_children":[2,4,6,8,10,12,14,16,18,20,-1,22,24,26,-1,28,-1,30,32,34,36,38,40,42,44,46,-1,-1,-1,-1,-1,-1,-1,-1,-1,-1,-1,-1,-1,-1,-1,-1,-1,-1,-1,-1,-1],"split_conditions":[5.45455E-1,1.10646E-1,1.0991E-1,5.90205E-2,2.38385E-1,1.21591E0,2.12913E-1,5.311E-1,8.9E1,4.28571E-1,1.9286662E-4,7.23141E-2,5.07876E-2,1.47573E0,2.553447E-1,2E-1,4.1287962E-2,-2.51E2,6.49E2,3.94E2,1.80824E-1,4.3487E-2,-1.4E1,1.90283E-1,1.85345E0,1.42244E-1,2.4084465E-1,-3.2280266E-2,-1.0951509E-2,4.4841826E-2,-1.2293418E-2,6.098419E-2,-2.4723541E-2,5.552573E-2,1.3676898E-1,9.3836606E-2,1.7933266E-1,2.6557602E-2,8.038448E-2,1.4732194E-1,1.04815215E-1,1.2975636E-1,4.9804733E-3,1.5369385E-1,2.088913E-1,1.9119294E-1,1.4776E-1],"split_indices":[1,0,0,0,2,1,0,1,3,1,0,0,0,1,0,1,0,3,3,3,0,0,3,2,1,2,0,0,0,0,0,0,0,0,0,0,0,0,0,0,0,0,0,0,0,0,0],"split_type":[0,0,0,0,0,0,0,0,0,0,0,0,0,0,0,0,0,0,0,0,0,0,0,0,0,0,0,0,0,0,0,0,0,0,0,0,0,0,0,0,0,0,0,0,0,0,0],"sum_hessian":[2.477129E3,4.0471384E2,2.072415E3,3.0829465E2,9.64192E1,1.25141E3,8.210049E2,1.6999661E2,1.3829805E2,8.873575E1,7.683453E0,5.78142E2,6.73268E2,5.88498E2,2.3250693E2,1.6381035E2,6.186255E0,8.177237E1,5.652568E1,5.5350334E1,3.338541E1,2.79377E2,2.98765E2,2.159105E2,4.573575E2,4.5128745E2,1.3721053E2,1.0982461E2,5.398574E1,2.4183006E1,5.758936E1,4.7087627E1,9.438052E0,4.3646988E1,1.1703347E1,1.6336573E1,1.704884E1,5.1399E1,2.27978E2,1.6966406E2,1.2910097E2,1.7938086E2,3.6529655E1,3.171571E2,1.4020041E2,3.659792E2,8.530824E1],"tree_param":{"num_deleted":"0","num_feature":"13","num_nodes":"47","size_leaf_vector":"1"}},{"base_weights":[4.13734E0,1.2882437E0,4.7726583E0,-6.5758444E-2,2.7613275E0,3.7356918E0,5.985851E0,-4.6475196E-1,1.412317E0,4.419121E0,2.2713034E0,3.0166397E0,4.245203E0,5.733272E0,2.1770442E-1,-6.78555E-1,9.2789346E-1,2.6100895E0,1.7377137E-1,3.8129944E-2,4.7787905E0,1.2609687E0,2.7722957E0,2.3466096E0,3.7045152E0,3.5280163E0,4.937986E0,5.417978E0,1.9680704E-1,-2.7914712E-2,-2.7841812E-3,-1.1456984E-2,7.866298E-2,-2.1356955E-2,1.08501166E-1,5.117762E-2,-2.8195994E-2,8.758816E-2,1.5758951E-1,7.040057E-2,5.8927834E-3,6.3386746E-2,1.039475E-1,7.952818E-2,1.1494065E-2,1.3407776E-1,9.6194796E-2,1.1847892E-1,4.3068487E-2,1.7171298E-1,1.3449416E-1,1.8350483E-1,1.4919099E-1],"categories":[],"categories_nodes":[],"categories_segments":[],"categories_sizes":[],"default_left":[0,0,0,0,0,0,0,0,0,0,0,0,0,0,0,0,0,0,0,0,0,0,0,0,0,0,0,0,0,0,0,0,0,0,0,0,0,0,0,0,0,0,0,0,0,0,0,0,0,0,0,0,0],"id":1,"left_children":[1,3,5,7,9,11,13,15,17,19,21,23,25,27,-1,29,31,33,35,-1,37,39,41,43,45,47,49,51,-1,-1,-1,-1,-1,-1,-1,-1,-1,-1,-1,-1,-1,-1,-1,-1,-1,-1,-1,-1,-1,-1,-1,-1,-1],"loss_changes":[5.0577383E3,1.0289531E3,2.8289844E3,1.5936311E2,1.7367737E2,4.2197266E2,2.4166406E2,6.482866E1,8.126935E1,4.2621216E1,8.769232E1,2.1743115E2,3.1487695E2,1.4851562E2,0E0,2.6486374E1,6.803712E1,1.0356233E2,5.6370354E1,0E0,2.7628174E0,7.626198E1,3.8261597E1,1.5682727E2,6.0278076E1,3.02312E2,6.748926E1,1.3185938E2,0E0,0E0,0E0,0E0,0E0,0E0,0E0,0E0,0E0,0E0,0E0,0E0,0E0,0E0,0E0,0E0,0E0,0E0,0E0,0E0,0E0,0E0,0E0,0E0,0E0],"parents":[2147483647,0,0,1,1,2,2,3,3,4,4,5,5,6,6,7,7,8,8,9,9,10,10,11,11,12,12,13,13,15,15,16,16,17,17,18,18,20,20,21,21,22,22,23,23,24,24,25,25,26,26,27,27],"right_children":[2,4,6,8,10,12,14,16,18,20,22,24,26,28,-1,30,32,34,36,-1,38,40,42,44,46,48,50,52,-1,-1,-1,-1,-1,-1,-1,-1,-1,-1,-1,-1,-1,-1,-1,-1,-1,-1,-1,-1,-1,-1,-1,-1,-1],"split_conditions":[6.4E-1,7.55125E-2,1.04811E-1,4.68531E-1,-1.88455E-1,1.21591E0,2.8235E-1,6.7058E-2,-1.10737E-2,-3.42282E-1,1.01888E-1,7.23141E-2,6.08833E-2,1.44928E0,2.1770442E-1,2E-1,1.59E2,1E0,5.34162E-1,3.8129944E-2,2.75862E-1,8.43638E-2,4.68531E-1,2.04771E-1,-1.44E2,1.90283E-1,-7.17614E-2,-6.64479E-2,1.9680704E-1,-2.7914712E-2,-2.7841812E-3,-1.1456984E-2,7.866298E-2,-2.1356955E-2,1.08501166E-1,5.117762E-2,-2.8195994E-2,8.758816E-2,1.5758951E-1,7.040057E-2,5.8927834E-3,6.3386746E-2,1.039475E-1,7.952818E-2,1.1494065E-2,1.3407776E-1,9.6194796E-2,1.1847892E-1,4.3068487E-2,1.7171298E-1,1.3449416E-1,1.8350483E-1,1.4919099E-1],"split_indices":[1,0,0,1,2,1,0,0,2,2,0,0,0,1,0,1,3,7,1,0,1,0,1,2,3,2,2,2,0,0,0,0,0,0,0,0,0,0,0,0,0,0,0,0,0,0,0,0,0,0,0,0,0],"split_type":[0,0,0,0,0,0,0,0,0,0,0,0,0,0,0,0,0,0,0,0,0,0,0,0,0,0,0,0,0,0,0,0,0,0,0,0,0,0,0,0,0,0,0,0,0,0,0,0,0,0,0,0,0],"sum_hessian":[2.8023442E3,5.123466E2,2.2899976E3,2.6760568E2,2.4474097E2,1.2395146E3,1.0504829E3,2.1233531E2,5.527036E1,5.171332E1,1.9302765E2,5.206072E2,7.189075E2,8.861808E2,1.6430214E2,1.85587E2,2.6748299E1,2.65613E1,2.870906E1,6.517219E0,4.5196102E1,6.698038E1,1.26047264E2,2.6893024E2,2.5167694E2,3.5992865E2,3.5897885E2,6.533807E2,2.3280014E2,1.2775447E2,5.7832542E1,1.5626416E1,1.11218815E1,6.081976E0,2.0479322E1,1.2014168E1,1.6694893E1,1.2522311E1,3.2673794E1,3.1502787E1,3.547759E1,6.9461754E1,5.6585514E1,2.3179369E2,3.7136562E1,9.217715E1,1.5949979E2,2.9773108E2,6.2197556E1,1.2231123E2,2.3666762E2,2.4337794E2,4.1000275E2],"tree_param":{"num_deleted":"0","num_feature":"13","num_nodes":"53","size_leaf_vector":"1"}},{"base_weights":[3.6313136E0,5.156616E-1,4.0264935E0,-6.632076E-1,1.7928114E0,3.3501375E0,5.0337143E0,-9.197857E-1,-9.288254E-2,1.9527048E0,-5.7878154E-3,2.1544738E0,3.645802E0,4.5205755E0,5.471928E0,-3.2113273E-2,1.562869E-1,3.9665557E-2,-4.6075657E-1,2.1181755E0,4.9263844E-3,9.3583053E-1,2.5488682E0,3.5138562E0,5.5695605E0,4.1060314E0,1.6071863E-1,4.2721834E0,1.6931874E-1,4.289058E-2,-2.351211E-2,1.7850017E-2,-2.3446051E-2,4.4860736E-2,7.910118E-2,5.146314E-2,-2.0077974E-2,1.7847579E-2,8.0101654E-2,8.281418E-2,1.19863704E-1,8.0469E-2,1.7452711E-1,5.8506947E-2,1.2540317E-1,3.7321176E-2,1.4641656E-1],"categories":[],"categories_nodes":[],"categories_segments":[],"categories_sizes":[],"default_left":[0,0,0,0,0,0,0,0,0,0,0,0,0,0,0,0,0,0,0,0,0,0,0,0,0,0,0,0,0,0,0,0,0,0,0,0,0,0,0,0,0,0,0,0,0,0,0],"id":2,"left_children":[1,3,5,7,9,11,13,15,17,19,-1,21,23,25,27,-1,29,-1,31,33,-1,35,37,39,41,43,-1,45,-1,-1,-1,-1,-1,-1,-1,-1,-1,-1,-1,-1,-1,-1,-1,-1,-1,-1,-1],