{"learner":{"attributes":{},"feature_names":["RSQ","shooter_A","GK_A","team_elevation_dif","team_travel","team_rest_days","temperature_c","team_is_home","is_raining","match_time_aft","match_time_evening","match_time_night","match_time_nan"],"feature_types":["float","float","float","float","float","float","float","float","float","float","float","float","float"],"gradient_booster":{"model":{"gbtree_model_param":{"num_parallel_tree":"1","num_trees":"3"},"iteration_indptr":[0,1,2,3],"tree_info":[0,0,0],"trees":[{"base_weights":[5.087193E0,2.138821E0,6.0818696E0,5.186019E-1,3.3512297E0,4.817725E0,7.7674923E0,-3.1192568E-1,1.326512E0,2.6160405E0,4.512905E0,3.8955626E0,5.6999526E0,7.3014054E0,2.7189824E-1,-8.1828094E-1,1.0260602E0,7.9423344E-1,1.944543E0,3.2480223E0,1.2233098E0,3.4971862E0,5.3044033E0,2.5388355E0,4.9480295E0,4.747443E0,6.8117537E0,6.579367E0,8.146337E0,-3.2330427E-2,-5.7949196E-3,-1.5190773E-2,4.5979135E-2,1.2288433E-2,6.560392E-2,-0E0,6.6035576E-2,7.9954825E-2,1.2863421E-1,6.576197E-2,-0E0,1.1378456E-1,-2.2493377E-3,1.2068596E-1,2.0660333E-1,1.3903477E-2,8.159415E-2,1.918938E-1,1.3673812E-1,1.2856661E-1,2.0402363E-1,1.918434E-1,2.4393198E-1,2.051501E-1,1.391385E-1,2.4578825E-1,1.2642635E-1],"categories":[],"categories_nodes":[],"categories_segments":[],"categories_sizes":[],"default_left":[0,0,0,0,0,0,0,0,0,0,0,0,0,0,0,0,0,0,0,0,0,0,0,0,0,0,0,0,0,0,0,0,0,0,0,0,0,0,0,0,0,0,0,0,0,0,0,0,0,0,0,0,0,0,0,0,0],"id":0,"left_children":[1,3,5,7,9,11,13,15,17,19,21,23,25,27,-1,29,31,33,35,37,39,41,43,45,47,49,51,53,55,-1,-1,-1,-1,-1,-1,-1,-1,-1,-1,-1,-1,-1,-1,-1,-1,-1,-1,-1,-1,-1,-1,-1,-1,-1,-1,-1,-1],"loss_changes":[1.7317672E4,2.9311558E3,9.337094E3,4.3328192E2,6.9939844E2,2.0067344E3,9.938594E2,2.1695935E2,1.0171869E2,4.5306616E2,2.1783984E2,1.7456309E3,1.2895156E3,7.3353906E2,0E0,3.5997192E1,7.063449E1,9.1966415E1,7.219092E1,1.8962793E2,1.9949089E2,1.6280334E2,2.9861572E2,2.0032373E2,3.255664E2,5.9610547E2,2.0604492E2,3.1078125E2,3.5289062E1,0E0,0E0,0E0,0E0,0E0,0E0,0E0,0E0,0E0,0E0,0E0,0E0,0E0,0E0,0E0,0E0,0E0,0E0,0E0,0E0,0E0,0E0,0E0,0E0,0E0,0E0,0E0,0E0],"parents":[2147483647,0,0,1,1,2,2,3,3,4,4,5,5,6,6,7,7,8,8,9,9,10,10,11,11,12,12,13,13,15,15,16,16,17,17,18,18,19,19,20,20,21,21,22,22,23,23,24,24,25,25,26,26,27,27,28,28],"right_children":[2,4,6,8,10,12,14,16,18,20,22,24,26,28,-1,30,32,34,36,38,40,42,44,46,48,50,52,54,56,-1,-1,-1,-1,-1,-1,-1,-1,-1,-1,-1,-1,-1,-1,-1,-1,-1,-1,-1,-1,-1,-1,-1,-1,-1,-1,-1,-1],"split_conditions":[7.05882E-1,6.80812E-2,1.11056E-1,4.72552E-2,1.12252E-1,1.27083E0,2.1325E-1,4.06417E-1,3E0,1.37038E-1,4.5749E-1,7.33006E-2,6.7683E-2,1.18301E0,2.7189824E-1,2.30769E-1,-6.7E1,5.68831E-1,5.01157E-2,1.52E2,4.7619E-2,2.47823E-1,1.6372E-1,3.58711E-2,-7.20667E-2,2.76E0,2.01183E0,2.05899E-1,3.63057E-1,-3.2330427E-2,-5.7949196E-3,-1.5190773E-2,4.5979135E-2,1.2288433E-2,6.560392E-2,-0E0,6.6035576E-2,7.9954825E-2,1.2863421E-1,6.576197E-2,-0E0,1.1378456E-1,-2.2493377E-3,1.2068596E-1,2.0660333E-1,1.3903477E-2,8.159415E-2,1.918938E-1,1.3673812E-1,1.2856661E-1,2.0402363E-1,1.918434E-1,2.4393198E-1,2.051501E-1,1.391385E-1,2.4578825E-1,1.2642635E-1],"split_indices":[1,0,0,0,0,1,0,1,4,2,1,0,0,1,0,1,3,1,0,3,1,2,0,0,2,1,1,2,2,0,0,0,0,0,0,0,0,0,0,0,0,0,0,0,0,0,0,0,0,0,0,0,0,0,0,0,0],"split_type":[0,0,0,0,0,0,0,0,0,0,0,0,0,0,0,0,0,0,0,0,0,0,0,0,0,0,0,0,0,0,0,0,0,0,0,0,0,0,0,0,0,0,0,0,0,0,0,0,0,0,0,0,0,0,0,0,0],"sum_hessian":[5.914747E3,1.4939019E3,4.420845E3,6.4098846E2,8.529134E2,2.5310073E3,1.8898378E3,3.1606512E2,3.2492334E2,5.268505E2,3.2606287E2,1.2433455E3,1.287662E3,1.4002247E3,4.89613E2,2.303967E2,8.566844E1,1.7789752E2,1.470258E2,3.6007596E2,1.6677454E2,1.4810367E2,1.7795921E2,5.465571E2,6.9678827E2,6.9967316E2,5.8798883E2,7.6513403E2,6.350907E2,1.6067499E2,6.97217E1,2.079363E1,6.487481E1,1.4198764E2,3.5909874E1,1.7825466E1,1.2920033E2,2.3591801E2,1.2415796E2,9.2078125E1,7.46964E1,1.369279E2,1.117576E1,1.0258994E2,7.536926E1,4.4850662E1,5.0170648E2,1.407644E2,5.5602386E2,5.766253E2,1.2304782E2,4.5624356E2,1.3174525E2,6.701777E2,9.4956345E1,6.252584E2,9.832283E0],"tree_param":{"num_deleted":"0","num_feature":"13","num_nodes":"57","size_leaf_vector":"1"}},{"base_weights":[4.3483343E0,2.234732E0,5.1741953E0,6.4784026E-1,3.2834287E0,4.25991E0,6.3151913E0,-3.2328993E-1,1.4260908E0,2.6090922E0,4.3919787E0,3.431831E0,4.8041573E0,5.8113375E0,6.8747735E0,-3.2222986E-2,3.3664674E-1,1.0954281E0,2.2128532E0,3.0941646E0,1.2826185E0,3.3283873E0,4.9094634E0,2.457084E0,4.4918294E0,4.181913E0,5.4840097E0,5.1514034E0,6.202043E0,6.6050687E0,2.2561018E-1,-1.8125333E-2,2.0352833E-2,1.7121188E-2,5.319221E-2,7.953937E-2,-1.6550027E-4,1.6619252E-1,8.69748E-2,5.655603E-2,1.9863613E-2,1.0794183E-1,-8.392662E-4,1.317783E-1,1.852017E-1,9.988218E-2,5.730928E-2,6.589138E-2,1.4530356E-1,1.9731268E-1,1.19766615E-1,1.5545858E-1,1.9120118E-1,3.5478365E-2,1.5765336E-1,1.804112E-1,2.1300732E-1,1.9895957E-1,7.9698436E-2],"categories":[],"categories_nodes":[],"categories_segments":[],"categories_sizes":[],"default_left":[0,0,0,0,0,0,0,0,0,0,0,0,0,0,0,0,0,0,0,0,0,0,0,0,0,0,0,0,0,0,0,0,0,0,0,0,0,0,0,0,0,0,0,0,0,0,0,0,0,0,0,0,0,0,0,0,0,0,0],"id":1,"left_children":[1,3,5,7,9,11,13,15,17,19,21,23,25,27,29,-1,31,33,35,37,39,41,43,45,47,49,51,53,55,57,-1,-1,-1,-1,-1,-1,-1,-1,-1,-1,-1,-1,-1,-1,-1,-1,-1,-1,-1,-1,-1,-1,-1,-1,-1,-1,-1,-1,-1],"loss_changes":[1.16625E4,3.1303213E3,4.9584688E3,5.7134106E2,8.1827246E2,1.1664414E3,5.1E2,1.680295E2,1.0087598E2,4.4515723E2,1.9336523E2,1.0769824E3,6.260547E2,2.1830078E2,6.0773438E1,0E0,5.8686386E1,1.0228488E2,1.2052789E2,2.0677832E2,6.7622375E1,1.360675E2,1.1909668E2,2.5035449E2,3.8322852E2,3.233037E2,1.2729883E2,1.6064355E2,2.0642578E1,3.2353516E1,0E0,0E0,0E0,0E0,0E0,0E0,0E0,0E0,0E0,0E0,0E0,0E0,0E0,0E0,0E0,0E0,0E0,0E0,0E0,0E0,0E0,0E0,0E0,0E0,0E0,0E0,0E0,0E0,0E0],"parents":[2147483647,0,0,1,1,2,2,3,3,4,4,5,5,6,6,7,7,8,8,9,9,10,10,11,11,12,12,13,13,14,14,16,16,17,17,18,18,19,19,20,20,21,21,22,22,23,23,24,24,25,25,26,26,27,27,28,28,29,29],"right_children":[2,4,6,8,10,12,14,16,18,20,22,24,26,28,30,-1,32,34,36,38,40,42,44,46,48,50,52,54,56,58,-1,-1,-1,-1,-1,-1,-1,-1,-1,-1,-1,-1,-1,-1,-1,-1,-1,-1,-1,-1,-1,-1,-1,-1,-1,-1,-1,-1,-1],"split_conditions":[7.8841E-1,6.82892E-2,1.11056E-1,4.72552E-2,1.20353E-1,6.36543E-2,1.66273E-1,2.30769E-1,5.68831E-1,1.37931E-1,4.9505E-1,1.53628E0,1.27459E0,1.09713E0,2.66563E-1,-3.2222986E-2,-6.7E1,2.3E1,6.40142E-2,-3.63636E-1,8.37719E-2,2.47823E-1,2.1325E-1,8.39054E-3,3.58711E-2,-3.15789E-1,2.01183E0,-5.87E2,1.78788E0,4.28571E-1,2.2561018E-1,-1.8125333E-2,2.0352833E-2,1.7121188E-2,5.319221E-2,7.953937E-2,-1.6550027E-4,1.6619252E-1,8.69748E-2,5.655603E-2,1.9863613E-2,1.0794183E-1,-8.392662E-4,1.317783E-1,1.852017E-1,9.988218E-2,5.730928E-2,6.589138E-2,1.4530356E-1,1.9731268E-1,1.19766615E-1,1.5545858E-1,1.9120118E-1,3.5478365E-2,1.5765336E-1,1.804112E-1,2.1300732E-1,1.9895957E-1,7.9698436E-2],"split_indices":[1,0,0,0,0,0,0,1,1,2,1,1,1,1,0,0,3,6,0,2,0,2,0,2,0,2,1,3,1,2,0,0,0,0,0,0,0,0,0,0,0,0,0,0,0,0,0,0,0,0,0,0,0,0,0,0,0,0,0],"split_type":[0,0,0,0,0,0,0,0,0,0,0,0,0,0,0,0,0,0,0,0,0,0,0,0,0,0,0,0,0,0,0,0,0,0,0,0,0,0,0,0,0,0,0,0,0,0,0,0,0,0,0,0,0,0,0,0,0,0,0],"sum_hessian":[6.6967974E3,1.8839313E3,4.8128657E3,7.5128033E2,1.132651E3,2.67762E3,2.1352458E3,3.3417212E2,4.1710825E2,7.089826E2,4.2366833E2,1.0684331E3,1.6091869E3,1.1364928E3,9.987531E2,1.5644493E2,1.7772719E2,2.979434E2,1.1916485E2,5.1663684E2,1.9234578E2,1.4416357E2,2.7950476E2,5.605476E2,5.0788556E2,8.4842633E2,7.6076056E2,4.3413406E2,7.023587E2,7.21385E2,2.7736813E2,4.6170853E1,1.3155635E2,1.7082693E2,1.2711646E2,9.9549416E1,1.9615433E1,3.372615E1,4.8291068E2,9.4695946E1,9.764984E1,1.3358438E2,1.0579195E1,2.0529578E2,7.4208984E1,2.1135123E2,3.4919638E2,6.976757E1,4.3811798E2,5.693332E1,7.9149304E2,5.7891846E2,1.8184206E2,1.1932715E1,4.2220135E2,5.9425775E2,1.0810097E2,7.148989E2,6.4860997E0],"tree_param":{"num_deleted":"0","num_feature":"13","num_nodes":"59",