{"learner":{"attributes":{},"feature_names":["RSQ","shooter_A","GK_A","team_elevation_dif","team_travel","team_rest_days","temperature_c","team_is_home","is_raining","match_time_aft","match_time_evening","match_time_night","match_time_nan"],"feature_types":["float","float","float","float","float","float","float","float","float","float","float","float","float"],"gradient_booster":{"model":{"gbtree_model_param":{"num_parallel_tree":"1","num_trees":"2"},"iteration_indptr":[0,1,2],"tree_info":[0,0],"trees":[{"base_weights":[4.7505355E0,1.6359265E0,5.5581923E0,3.5892195E-1,3.6930573E0,4.547318E0,7.2462244E0,-1.6946283E-1,2.2532358E0,5.728746E0,3.3292363E0,3.4501996E0,5.116478E0,6.7627273E0,4.416805E-1,-8.1517977E-1,5.140106E-1,1.0979505E0,3.2525249E0,-3.8488653E-2,6.1675625E0,2.7682679E0,4.2496243E0,2.4327722E0,4.540853E0,4.4319572E0,6.263947E0,6.2959256E0,7.784395E0,-1.0208094E0,-1.7090078E-1,2.5579965E0,2.4425127E-1,4.397862E0,2.5347805E-1,9.076022E-1,4.1591735E0,6.261597E-2,6.668848E0,2.984741E0,-1.1696936E-1,4.9809284E0,2.2028708E0,3.404815E0,1.6926839E0,3.5214384E0,5.4301715E0,3.8658555E0,5.1150303E0,5.685485E0,7.183627E0,5.4845276E0,6.7210217E0,7.8801055E0,6.261597E-2,1.0031221E-2,-5.474502E-2,1.6573977E-1,-2.899514E-2,4.850388E-2,1.9376461E-1,1.5784854E-4,7.922481E-2,6.261597E-2,3.118566E-1,-1.9501109E-2,1.15977876E-1,1.3721241E-1,-4.6577817E-3,2.7025288E-1,1.448509E-1,1.8846957E-1,3.6693817E-1,7.409019E-4,1.5955885E-1,-4.8960313E-2,1.2262305E-1,1.0346587E-1,2.811656E-1,3.2781094E-2,2.6945215E-1,2.1806963E-1,1.2727009E-1,-1.4781119E-2,1.0133135E-1,1.2887833E-1,2.7428016E-1,2.3327406E-1,3.1128314E-1,2.0074299E-1,9.606655E-3,2.0965925E-1,2.81352E-1,3.5931826E-1,2.6316783E-1,3.816323E-1,2.8635082E-1,2.8018078E-1,8.6794026E-2,3.4026217E-1,3.6756836E-2,3.7507173E-1,4.6874776E-1],"categories":[],"categories_nodes":[],"categories_segments":[],"categories_sizes":[],"default_left":[0,0,0,0,0,0,0,0,0,0,0,0,0,0,0,0,0,0,0,0,0,0,0,0,0,0,0,0,0,0,0,0,0,0,0,0,0,0,0,0,0,0,0,0,0,0,0,0,0,0,0,0,0,0,0,0,0,0,0,0,0,0,0,0,0,0,0,0,0,0,0,0,0,0,0,0,0,0,0,0,0,0,0,0,0,0,0,0,0,0,0,0,0,0,0,0,0,0,0,0,0,0,0],"id":0,"left_children":[1,3,5,7,9,11,13,15,17,19,21,23,25,27,-1,29,31,33,35,-1,37,39,41,43,45,47,49,51,53,55,57,59,61,63,65,67,69,-1,71,73,75,77,79,81,83,85,87,89,91,93,95,97,99,101,-1,-1,-1,-1,-1,-1,-1,-1,-1,-1,-1,-1,-1,-1,-1,-1,-1,-1,-1,-1,-1,-1,-1,-1,-1,-1,-1,-1,-1,-1,-1,-1,-1,-1,-1,-1,-1,-1,-1,-1,-1,-1,-1,-1,-1,-1,-1,-1,-1],"loss_changes":[8.298031E3,1.7887366E3,4.4410312E3,4.2230893E2,1.741438E2,1.00802344E3,6.926758E2,1.4629211E2,1.02646545E2,1.1359033E2,1.0374121E2,6.149453E2,8.200918E2,3.1141016E2,0E0,2.2393524E1,8.824956E1,1.22006165E2,1.00026245E2,0E0,8.001758E1,8.8954834E1,1.1303516E2,2.0575098E2,2.2666406E2,2.4298926E2,1.724414E2,1.4385938E2,1.3566016E2,1.1887573E1,6.2391827E1,3.532907E1,4.6362576E1,4.392003E1,4.90871E1,2.7629469E1,3.9270752E1,0E0,3.5104614E1,8.088281E1,2.6468605E1,1.01046265E2,1.1282108E2,9.256738E1,1.1275409E2,2.2531616E2,5.791162E1,2.048706E2,1.2029297E2,1.2114014E2,5.505078E1,7.311328E1,1.6609473E2,5.942871E1,0E0,0E0,0E0,0E0,0E0,0E0,0E0,0E0,0E0,0E0,0E0,0E0,0E0,0E0,0E0,0E0,0E0,0E0,0E0,0E0,0E0,0E0,0E0,0E0,0E0,0E0,0E0,0E0,0E0,0E0,0E0,0E0,0E0,0E0,0E0,0E0,0E0,0E0,0E0,0E0,0E0,0E0,0E0,0E0,0E0,0E0,0E0,0E0,0E0],"parents":[2147483647,0,0,1,1,2,2,3,3,4,4,5,5,6,6,7,7,8,8,9,9,10,10,11,11,12,12,13,13,15,15,16,16,17,17,18,18,20,20,21,21,22,22,23,23,24,24,25,25,26,26,27,27,28,28,29,29,30,30,31,31,32,32,33,33,34,34,35,35,36,36,38,38,39,39,40,40,41,41,42,42,43,43,44,44,45,45,46,46,47,47,48,48,49,49,50,50,51,51,52,52,53,53],"right_children":[2,4,6,8,10,12,14,16,18,20,22,24,26,28,-1,30,32,34,36,-1,38,40,42,44,46,48,50,52,54,56,58,60,62,64,66,68,70,-1,72,74,76,78,80,82,84,86,88,90,92,94,96,98,100,102,-1,-1,-1,-1,-1,-1,-1,-1,-1,-1,-1,-1,-1,-1,-1,-1,-1,-1,-1,-1,-1,-1,-1,-1,-1,-1,-1,-1,-1,-1,-1,-1,-1,-1,-1,-1,-1,-1,-1,-1,-1,-1,-1,-1,-1,-1,-1,-1,-1],"split_conditions":[7.17241E-1,8.51095E-2,1.16689E-1,5.52E-1,-2.13064E-1,6.00628E-2,2.33004E-1,5.29113E-2,5.97293E-2,9.14521E-2,1.33714E-1,1.51613E0,1.35714E0,1.30515E0,4.416805E-1,3.33333E-1,-2.18027E-1,-9.89011E-2,0E0,-3.8488653E-2,-1.96E2,1.2476E-1,1.08873E-1,5.75615E-3,4.39397E-2,9.03188E-2,1.78571E0,-1.32E2,1.101E3,-7.08E2,3.41463E-1,1.48E2,4.3956E-1,-2.18027E-1,3.87E2,6.40562E-2,-1.44E2,6.261597E-2,1E0,-8.22511E-2,2.33E2,-1.88E2,6.59631E-1,-8.1E1,-1.99E2,3.33333E0,2.09677E0,2.67936E-1,9.97143E-1,-9.40919E-2,1.133E-1,2.04771E-1,1.493E3,2E0,6.261597E-2,1.0031221E-2,-5.474502E-2,1.6573977E-1,-2.899514E-2,4.850388E-2,1.9376461E-1,1.5784854E-4,7.922481E-2,6.261597E-2,3.118566E-1,-1.9501109E-2,1.15977876E-1,1.3721241E-1,-4.6577817E-3,2.7025288E-1,1.448509E-1,1.8846957E-1,3.6693817E-1,7.409019E-4,1.5955885E-1,-4.8960313E-2,1.2262305E-1,1.0346587E-1,2.811656E-1,3.2781094E-2,2.6945215E-1,2.1806963E-1,1.2727009E-1,-1.4781119E-2,1.0133135E-1,1.2887833E-1,2.7428016E-1,2.3327406E-1,3.1128314E-1,2.0074299E-1,9.606655E-3,2.0965925E-1,2.81352E-1,3.5931826E-1,2.6316783E-1,3.816323E-1,2.8635082E-1,2.8018078E-1,8.6794026E-2,3.4026217E-1,3.6756836E-2,3.7507173E-1,4.6874776E-1],"split_indices":[1,0,0,1,2,0,0,0,0,0,0,1,1,1,0,1,2,2,2,0,3,0,2,2,0,0,1,3,3,3,1,3,1,2,3,0,3,0,11,2,3,3,1,3,3,1,1,2,1,2,2,2,3,1,0,0,0,0,0,0,0,0,0,0,0,0,0,0,0,0,0,0,0,0,0,0,0,0,0,0,0,0,0,0,0,0,0,0,0,0,0,0,0,0,0,0,0,0,0,0,0,0,0],"split_type":[0,0,0,0,0,0,0,0,0,0,0,0,0,0,0,0,0,0,0,0,0,0,0,0,0,0,0,0,0,0,0,0,0,0,0,0,0,0,0,0,0,0,0,0,0,0,0,0,0,0,0,0,0,0,0,0,0,0,0,0,0,0,0,0,0,0,0,0,0,0,0,0,0,0,0,0,0,0,0,0,0,0,0,0,0,0,0,0,0,0,0,0,0,0,0,0,0,0,0,0,0,0,0],"sum_hessian":[3.3013264E3,6.804183E2,2.620908E3,4.2053644E2,2.598818E2,1.6415586E3,9.793494E2,3.295304E2,9.100603E1,3.7168236E1,2.2271356E2,5.6312854E2,1.07843E3,7.5472894E2,2.2462051E2,1.6934637E2,1.6018402E2,4.3181873E1,4.7824158E1,2.303347E0,3.486489E1,1.4086517E2,8.184839E1,2.9301602E2,2.701125E2,6.785215E2,3.999086E2,5.229532E2,2.3177574E2,1.27931145E2,4.1415237E1,1.7686865E1,1.4249716E2,7.941472E0,3.52404E1,1.3892962E1,3.39312E1,3.5504048E0,3.1314486E1,1.3100189E2,9.863282E0,5.924617E1,2.2602217E1,1.2510314E2,1.6791289E2,1.2816183E2,1.4195067E2,3.7467026E2,3.0385123E2,2.4990497E2,1.5000362E2,1.8456625E2,3.3838693E2,2.2822534E2,3.5504048E0,7.218698E0,1.2071244E2,3.6031346E0,3.7812103E1,8.806993E0,8.879873E0,1.2162128E2,2.0875883E1,3.5504048E0,4.3910675E0,2.7489697E1,7.7507033E0,4.285608E0,9.607354E0,1.542382E1,1.8507378E1,7.12096E0,2.4193525E1,8.583645E0,1.2241825E2,7.8484416E0,2.0148401E0,1.1471726E1,4.7774445E1,1.602569E1,6.5765257E0,5.7276337E1,6.78268E1,2.416264E1,1.4375024E2,8.812567E1,4.0036167E1,7.587675E1,6.607391E1,3.5997693E2,1.4693324E1,1.11782486E2,1.9206876E2,5.134029E1,1.9856468E2,1.1141771E2,3.8585915E1,1.7840385E2,6.162409E0,3.3355692E2,4.830042E0,1.8689879E2,4.132654E1],"tree_param":{"num_deleted":"0","num_feature":"13","num_nodes":"103",