{"learner":{"attributes":{},"feature_names":["RSQ","shooter_A","GK_A","team_elevation_dif","team_travel","team_rest_days","temperature_c","team_is_home","is_raining","match_time_aft","match_time_evening","match_time_night","match_time_nan"],"feature_types":["float","float","float","float","float","float","float","float","float","float","float","float","float"],"gradient_booster":{"model":{"gbtree_model_param":{"num_parallel_tree":"1","num_trees":"2"},"iteration_indptr":[0,1,2],"tree_info":[0,0],"trees":[{"base_weights":[5.219875E0,3.2340019E0,7.145569E0,-1.0649616E-1,4.1192317E0,6.600718E-1,7.4276576E0,-9.2134506E-1,1.06103E0,2.3981776E0,4.6950245E0,-5.3087454E-2,2.3645105E0,6.473893E0,9.124593E0,-1.0204859E0,-3.9888972E-1,4.797587E0,5.3326076E-1,1.9748169E0,5.054535E0,4.087438E0,6.336645E0,4.3822317E0,1.8688641E-1,5.236703E0,7.3354015E0,8.571715E0,5.182314E-1,-5.4313578E-2,-1.729263E-1,-5.2182507E-2,8.7029535E-1,-4.1441515E-2,6.17616E0,-3.4374964E-1,1.0384599E0,6.141648E0,1.7228615E0,4.6654692E-1,5.891674E0,4.6684384E0,2.5384476E0,6.4714003E0,-4.452118E-2,5.152949E0,-3.754578E-2,2.1625311E0,-4.998362E-2,5.5165796E0,9.783255E-1,6.8110323E0,4.3960118E-1,7.34125E0,9.214292E0,-4.9608685E-2,1.4096068E-1,1.3134052E-1,-4.613607E-2,4.360532E-1,1.5959433E-1,6.782322E-2,-3.8338117E-2,6.907075E-2,-4.991963E-2,1.3629141E-1,3.7655887E-1,1.05594955E-1,1.9235184E-2,1.4096068E-1,-4.4808235E-2,3.3574495E-1,1.330072E-1,1.7217389E-1,2.527891E-1,1.4588962E-1,-7.65066E-3,3.000546E-1,3.9926296E-1,1.38867E-1,2.977366E-1,-4.1441515E-2,2.4338646E-1,2.550359E-1,3.260205E-1,-5.0515443E-2,1.3753378E-1,3.538572E-1,2.3014282E-1,3.7579197E-1,1.6630223E-1,4.6291128E-1,1.3600297E-1],"categories":[],"categories_nodes":[],"categories_segments":[],"categories_sizes":[],"default_left":[0,0,0,0,0,0,0,0,0,0,0,0,0,0,0,0,0,0,0,0,0,0,0,0,0,0,0,0,0,0,0,0,0,0,0,0,0,0,0,0,0,0,0,0,0,0,0,0,0,0,0,0,0,0,0,0,0,0,0,0,0,0,0,0,0,0,0,0,0,0,0,0,0,0,0,0,0,0,0,0,0,0,0,0,0,0,0,0,0,0,0,0,0],"id":0,"left_children":[1,3,5,7,9,11,13,15,17,19,21,-1,23,25,27,29,31,33,35,37,39,41,43,45,47,49,51,53,-1,-1,55,-1,57,-1,59,61,63,65,67,69,71,73,75,77,-1,79,-1,81,-1,83,85,87,-1,89,91,-1,-1,-1,-1,-1,-1,-1,-1,-1,-1,-1,-1,-1,-1,-1,-1,-1,-1,-1,-1,-1,-1,-1,-1,-1,-1,-1,-1,-1,-1,-1,-1,-1,-1,-1,-1,-1,-1],"loss_changes":[1.2008297E4,4.58601E3,2.9157656E3,3.1095178E2,1.203541E3,2.0101926E2,2.416875E3,9.56015E0,2.6247055E2,3.3791833E2,8.8925195E2,0E0,1.4989838E2,1.00909766E3,2.8685938E2,8.794449E0,2.7367123E1,1.3316183E2,5.303088E1,2.712738E2,1.5812268E2,5.933574E2,2.453711E2,7.41322E1,4.328373E1,4.7958984E2,3.8073242E2,2.3660547E2,0E0,0E0,3.4155804E1,0E0,3.8445786E1,0E0,7.376169E1,3.283215E1,5.4246254E1,5.0278015E1,1.3170575E2,2.6729208E1,7.61405E1,2.1406836E2,1.8996826E2,1.2413086E2,0E0,1.3116058E1,0E0,5.98578E1,0E0,1.26049805E2,9.551418E1,2.1928711E2,0E0,7.0992676E1,4.5822266E1,0E0,0E0,0E0,0E0,0E0,0E0,0E0,0E0,0E0,0E0,0E0,0E0,0E0,0E0,0E0,0E0,0E0,0E0,0E0,0E0,0E0,0E0,0E0,0E0,0E0,0E0,0E0,0E0,0E0,0E0,0E0,0E0,0E0,0E0,0E0,0E0,0E0,0E0],"parents":[2147483647,0,0,1,1,2,2,3,3,4,4,5,5,6,6,7,7,8,8,9,9,10,10,12,12,13,13,14,14,15,15,16,16,17,17,18,18,19,19,20,20,21,21,22,22,23,23,24,24,25,25,26,26,27,27,30,30,32,32,34,34,35,35,36,36,37,37,38,38,39,39,40,40,41,41,42,42,43,43,45,45,47,47,49,49,50,50,51,51,53,53,54,54],"right_children":[2,4,6,8,10,12,14,16,18,20,22,-1,24,26,28,30,32,34,36,38,40,42,44,46,48,50,52,54,-1,-1,56,-1,58,-1,60,62,64,66,68,70,72,74,76,78,-1,80,-1,82,-1,84,86,88,-1,90,92,-1,-1,-1,-1,-1,-1,-1,-1,-1,-1,-1,-1,-1,-1,-1,-1,-1,-1,-1,-1,-1,-1,-1,-1,-1,-1,-1,-1,-1,-1,-1,-1,-1,-1,-1,-1,-1,-1],"split_conditions":[8.95943E-2,5.04425E-1,3.09278E-1,2.17391E-1,4.73568E-2,7.6087E-2,1.62868E-1,1.25E-1,-2.19512E-1,2.63492E0,1.45833E0,-5.3087454E-2,-3.53535E-2,1.03704E0,2.72056E-1,1E0,6.50799E-2,5.13342E-2,4.92307E-2,-3.03371E-1,2.39091E-2,1.41385E-1,4.02762E-1,2.56757E-1,-1.5E2,2.93702E-1,1.58824E0,9.85455E-1,5.182314E-1,-5.4313578E-2,3.82E2,-5.2182507E-2,7.23831E-2,-4.1441515E-2,6.23803E-2,-6.88043E-2,1E0,3.89251E-2,4.39E2,-7.06638E-2,1.96326E-1,5.96365E-2,3.6113E-1,2.24E0,-4.452118E-2,1.53846E-1,-3.754578E-2,-2.38E2,-4.998362E-2,1.33843E-1,1.18491E-1,2.22999E-1,4.3960118E-1,2.93702E-1,1.2E3,-4.9608685E-2,1.4096068E-1,1.3134052E-1,-4.613607E-2,4.360532E-1,1.5959433E-1,6.782322E-2,-3.8338117E-2,6.907075E-2,-4.991963E-2,1.3629141E-1,3.7655887E-1,1.05594955E-1,1.9235184E-2,1.4096068E-1,-4.4808235E-2,3.3574495E-1,1.330072E-1,1.7217389E-1,2.527891E-1,1.4588962E-1,-7.65066E-3,3.000546E-1,3.9926296E-1,1.38867E-1,2.977366E-1,-4.1441515E-2,2.4338646E-1,2.550359E-1,3.260205E-1,-5.0515443E-2,1.3753378E-1,3.538572E-1,2.3014282E-1,3.7579197E-1,1.6630223E-1,4.6291128E-1,1.3600297E-1],"split_indices":[0,1,1,1,0,1,0,1,2,1,1,0,2,1,0,9,0,0,0,2,0,2,2,1,3,2,1,1,0,0,3,0,0,0,0,2,8,0,4,2,2,0,2,1,0,1,0,3,0,0,0,2,0,2,3,0,0,0,0,0,0,0,0,0,0,0,0,0,0,0,0,0,0,0,0,0,0,0,0,0,0,0,0,0,0,0,0,0,0,0,0,0,0],"split_type":[0,0,0,0,0,0,0,0,0,0,0,0,0,0,0,0,0,0,0,0,0,0,0,0,0,0,0,0,0,0,0,0,0,0,0,0,0,0,0,0,0,0,0,0,0,0,0,0,0,0,0,0,0,0,0,0,0,0,0,0,0,0,0,0,0,0,0,0,0,0,0,0,0,0,0,0,0,0,0,0,0,0,0,0,0,0,0,0,0,0,0,0,0],"sum_hessian":[3.1451365E3,1.5496935E3,1.595443E3,3.2482306E2,1.2248704E3,6.664104E1,1.528802E3,1.9142976E2,1.3339328E2,3.0835535E2,9.165151E2,3.3339054E1,3.3301983E1,9.817968E2,5.470051E2,1.6009666E2,3.1333109E1,1.5507974E1,1.17885315E2,2.6747034E2,4.0885033E1,6.7148083E2,2.4503423E2,1.6760145E1,1.6541838E1,4.0592996E2,5.758669E2,3.8379868E2,1.632065E2,1.48304E2,1.179265E1,2.0895605E1,1.0437505E1,3.1304276E0,1.2377546E1,4.320402E1,7.468129E1,1.3918046E1,2.5355228E2,6.549184E0,3.433585E1,4.8685562E2,1.846252E2,2.4065163E2,4.382599E0,1.4568846E1,2.1912994E0,5.8983846E0,1.0643454E1,3.806188E2,2.5311155E1,4.276082E2,1.482587E2,1.3593059E2,2.4786809E2,9.782586E0,2.0100641E0,5.037517E0,5.3999877E0,5.6430078E0,6.734538E0,8.167945E0,3.5036076E1,6.419436E1,1.0486933E1,4.8809958E0,9.03705E0,1.959936E2,5.7558678E1,2.0100641E0,4.53912E0,2.650566E1,7.830188E0,1.1933932E2,3.6751633E2,1.6174425E2,2.2880955E1,1.8739728E2,5.325434E1,4.802735E0,9.76611E0,3.1304276E0,2.767957E0,2.7342636E2,1.0719243E2,1.2130407E1,1.3180748E1,3.7965085E2,4.795733E1,1.2943082E2,6.4997563E0,2.4577975E2,2.0883248E0],"tree_param":{"num_deleted":"0","num_feature":"13","num_nodes":"93","size_leaf_vector":"1"}},{"base_weights":[4.0375605E0,5.820486E-1,4.4925165E0,-9.2367876E-1,1.7411096E0,3.6442456E0,5.6338167E0,-9.7560996E-1,1.1311994E-1,9.5948243E-1,3.7224765E0,2.532918E0,4.0633864E0,5.133558E0,6.195993E0,6.9488287E-1,-1.0279975E0,-2.705833E-2,1.6980897E0,4.743338E0,2.1123168E0,1.9387481E0,3.630698E0,3.7469747E0,5.029642E0,4.575507E0,5.9333134E0,5.998205E0,3.3868417E-1,-4.257658E-2,1.4116944E-1,-5.4154415E-2,-2.7347368E-1,5.6331867E-1,-7.684494E-1,4.808682E0,1.2626096E0,3.549821E-1,4.1086435E0,9.2710465E-1,3.2738423E0,3.1488283E0,1.4925034E0,4.324201E0,2.4352415E0,4.1690474E0,2.8432837E0,4.612894E0,6.191399E0,4.7595215E0,2.0722408E0,1.4408126E-1,5.9685836E0,6.014898E0,1.0203619E-1,1.2917764E-1,-5.0031852E-2,-2.3377512E-2,6.1758723E-2,8.66541E-3,-5.2653063E-2,2.8700656E-1,1.362075E-1,1.5407269E-1,4.12207E-2,2.41749E-1,1.16707936E-1,1.19127214E-1,-4.824423E-2,5.2413005E-2,2.0618036E-1,-4.551333E-2,1.6832112E-1,2.3338018E-2,8.995288E-2,1.4847423E-1,2.4339055E-1,2.294613E-2,1.7954355E-1,1.8799017E-1,2.3201697E-1,3.5042863E-2,1.5617509E-1,2.33583E-1,-4.1452456E-2,3.2735506E-1,2.1791044E-1,2.394454E-1,6.2366933E-2,1.8077372E-1,-1.4462753E-2,2.9997295E-1,1.5298997E-1,3.0144143E-1,1.12298034E-1],"categories":[],"categories_nodes":[],"categories_segments":[],"categories_sizes":[],"default_left":[0,0,0,0,0,0,0,0,0,0,0,0,0,0,0,0,0,0,0,0,0,0,0,0,0,0,0,0,0,0,0,0,0,0,0,0,0,0,0,0,0,0,0,0,0,0,0,0,0,0,0,0,0,0,0,0,0,0,0,0,0,0,0,0,0,0,0,0,0,0,0,0,0,0,0,0,0,0,0,0,0,0,0,0,0,0,0,0,0,0,0,0,0,0,0],"id":1,